# Utah Teapot Model
# Version: 2026 - Cem Yuksel
# Triangle Mesh Resolution: 4 (2286 faces)
o Utah Teapot

v -2.158227 2.242969 0
v -2.144414 2.208362 -0.16875
v -2.114026 2.132227 -0.225
v -2.083637 2.056091 -0.16875
v -2.069824 2.021484 0
v -2.632031 2.19375 0
v -2.599195 2.162988 -0.16875
v -2.526953 2.095313 -0.225
v -2.454712 2.027637 -0.16875
v -2.421875 1.996875 0
v -2.912183 2.060156 0
v -2.86879 2.039832 -0.16875
v -2.773328 1.995117 -0.225
v -2.677865 1.950403 -0.16875
v -2.634473 1.930078 0
v -3 1.8 0
v -2.953125 1.8 -0.16875
v -2.85 1.8 -0.225
v -2.746875 1.8 -0.16875
v -2.7 1.8 0
v -1.63056 2.248605 0
v -1.609519 2.213876 -0.16875
v -1.6601 2.136471 -0.225
v -1.717473 2.086647 -0.1889116
v -1.746035 2.05884 -0.16875
v -1.813661 2.023401 0
v -1.569303 2.26203 0
v -1.537076 2.315825 0
v -1.549765 2.221015 -0.181508
v -1.517987 2.261641 -0.2159474
v -1.595711 2.115018 -0.2428018
v -1.568371 2.105918 -0.307477
v -1.645224 2.053484 -0.1926125
v -1.624129 2.005653 -0.249184
v -1.667508 2.021515 -0.1683676
v -1.652207 1.950135 -0.216897
v -1.726397 1.988716 0
v -1.716626 1.895389 0
v -2.144414 2.208362 0.16875
v -2.114026 2.132227 0.225
v -2.083637 2.056091 0.16875
v -2.599195 2.162988 0.16875
v -2.526953 2.095313 0.225
v -2.454712 2.027637 0.16875
v -2.86879 2.039832 0.16875
v -2.773328 1.995117 0.225
v -2.677865 1.950403 0.16875
v -2.953125 1.8 0.16875
v -2.85 1.8 0.225
v -2.746875 1.8 0.16875
v -1.609519 2.213876 0.16875
v -1.6601 2.136471 0.225
v -1.717473 2.086647 0.1889116
v -1.746035 2.05884 0.16875
v -1.549765 2.221015 0.181508
v -1.517987 2.261641 0.2159474
v -1.595711 2.115018 0.2428018
v -1.568371 2.105918 0.307477
v -1.645224 2.053484 0.1926125
v -1.624129 2.005653 0.249184
v -1.667508 2.021515 0.1683676
v -1.652207 1.950135 0.216897
v -2.927661 1.470117 0
v -2.884749 1.489801 -0.16875
v -2.790345 1.533105 -0.225
v -2.695939 1.57641 -0.16875
v -2.653027 1.596094 0
v -2.724219 1.157812 0
v -2.693579 1.187842 -0.16875
v -2.626172 1.253906 -0.225
v -2.558765 1.319971 -0.16875
v -2.528125 1.35 0
v -2.386304 0.8666015 0
v -2.375581 0.9036804 -0.16875
v -2.35199 0.9852539 -0.225
v -2.328399 1.066827 -0.16875
v -2.317676 1.103906 0
v -2.136836 0.9878308 0
v -2.093056 0.9206363 -0.16875
v -2.072346 0.8679652 -0.1949934
v -2.004648 0.7819813 -0.225
v -1.937006 0.6588128 -0.16875
v -1.947873 0.648644 -0.09811339
v -1.952007 0.6285114 0
v -2.033604 0.9683568 0
v -1.975506 1.055622 0
v -1.995883 0.9163518 -0.1584793
v -1.944929 0.978259 -0.2149368
v -1.988336 0.8716084 -0.1940321
v -1.9486 0.9 -0.2584067
v -1.93995 0.7903434 -0.2439441
v -1.914062 0.7934706 -0.3087797
v -1.906295 0.6463181 -0.190184
v -1.892151 0.6215306 -0.219987
v -1.920352 0.6313022 -0.1119055
v -1.905994 0.6035157 -0.1295481
v -1.921387 0.6039053 0
v -1.903448 0.5685017 0
v -2.884749 1.489801 0.16875
v -2.790345 1.533105 0.225
v -2.695939 1.57641 0.16875
v -2.693579 1.187842 0.16875
v -2.626172 1.253906 0.225
v -2.558765 1.319971 0.16875
v -2.375581 0.9036804 0.16875
v -2.35199 0.9852539 0.225
v -2.328399 1.066827 0.16875
v -2.093056 0.9206363 0.16875
v -2.072346 0.8679652 0.1949934
v -2.004648 0.7819813 0.225
v -1.937006 0.6588128 0.16875
v -1.947873 0.648644 0.09811339
v -1.995883 0.9163518 0.1584793
v -1.944929 0.978259 0.2149368
v -1.988336 0.8716084 0.1940321
v -1.9486 0.9 0.2584067
v -1.93995 0.7903434 0.2439441
v -1.914062 0.7934706 0.3087797
v -1.906295 0.6463181 0.190184
v -1.892151 0.6215306 0.219987
v -1.920352 0.6313022 0.1119055
v -1.905994 0.6035157 0.1295481
v 2.8 2.4 0
v 2.8625 2.4 -0.084375
v 3 2.4 -0.1125
v 3.1375 2.4 -0.084375
v 3.2 2.4 0
v 2.846245 2.437973 0
v 2.92585 2.440598 -0.09122257
v 3.101663 2.446144 -0.1219693
v 3.277895 2.451434 -0.09169784
v 3.358061 2.453786 0
v 2.830926 2.451806 0
v 2.926096 2.453653 -0.1143557
v 3.135321 2.457458 -0.1528762
v 3.34429 2.46112 -0.114919
v 3.439207 2.462777 0
v 2.772922 2.441403 0
v 2.874785 2.442091 -0.1358651
v 3.098034 2.443546 -0.1812665
v 3.320576 2.445094 -0.1360235
v 3.421594 2.445842 0
v 2.7 2.4 0
v 2.79375 2.4 -0.140625
v 3 2.4 -0.1875
v 3.20625 2.4 -0.140625
v 3.3 2.4 0
v 2.8625 2.4 0.084375
v 3 2.4 0.1125
v 3.1375 2.4 0.084375
v 2.92585 2.440598 0.09122257
v 3.101663 2.446144 0.1219693
v 3.277895 2.451434 0.09169784
v 2.926096 2.453653 0.1143557
v 3.135321 2.457458 0.1528762
v 3.34429 2.46112 0.114919
v 2.874785 2.442091 0.1358651
v 3.098034 2.443546 0.1812665
v 3.320576 2.445094 0.1360235
v 2.79375 2.4 0.140625
v 3 2.4 0.1875
v 3.20625 2.4 0.140625
v 2.502493 2.120396 0
v 2.557824 2.101701 -0.1713993
v 2.680765 2.060552 -0.2285324
v 2.804658 2.019202 -0.1713993
v 2.861152 2.000336 0
v 2.388603 1.799173 0
v 2.433347 1.745223 -0.2497025
v 2.533222 1.62651 -0.3329366
v 2.634225 1.507559 -0.2497025
v 2.680346 1.453407 0
v 2.179998 1.534924 0
v 2.21602 1.439825 -0.3334613
v 2.295672 1.230601 -0.444615
v 2.375642 1.021309 -0.3334613
v 2.412051 0.9261537 0
v 1.982011 1.489583 0
v 1.927925 1.359579 -0.3545588
v 1.951259 1.225897 -0.417952
v 1.949829 1.103973 -0.4738681
v 1.985719 0.9188704 -0.3842317
v 1.973134 0.8471125 -0.3559736
v 2.018061 0.7456875 0
v 1.896141 1.481668 3.744773e-8
v 1.846938 1.55012 8.073222e-8
v 1.851804 1.364629 -0.3610937
v 1.810707 1.409014 -0.4136442
v 1.882121 1.228278 -0.4330316
v 1.846769 1.249801 -0.493553
v 1.885149 1.106459 -0.4973586
v 1.854434 1.112714 -0.5634935
v 1.933636 0.9136444 -0.4074998
v 1.909603 0.9 -0.4544567
v 1.923085 0.841493 -0.379087
v 1.898796 0.8244721 -0.4213976
v 1.97846 0.7364637 0
v 1.955354 0.7152416 0
v 2.557824 2.101701 0.1713993
v 2.680765 2.060552 0.2285324
v 2.804658 2.019202 0.1713993
v 2.433347 1.745223 0.2497025
v 2.533222 1.62651 0.3329366
v 2.634225 1.507559 0.2497025
v 2.21602 1.439825 0.3334613
v 2.295672 1.230601 0.444615
v 2.375642 1.021309 0.3334613
v 1.927925 1.359579 0.3545588
v 1.951259 1.225897 0.417952
v 1.949829 1.103973 0.4738681
v 1.985719 0.9188704 0.3842317
v 1.973134 0.8471125 0.3559736
v 1.851804 1.364629 0.3610937
v 1.810707 1.409014 0.4136442
v 1.882121 1.228278 0.4330316
v 1.846769 1.249801 0.493553
v 1.885149 1.106459 0.4973586
v 1.854434 1.112714 0.5634935
v 1.933636 0.9136444 0.4074998
v 1.909603 0.9 0.4544567
v 1.923085 0.841493 0.379087
v 1.898796 0.8244721 0.4213976
v 0 3.15 0
v -0.3386475 3.099298 0
v -0.3128695 3.099298 -0.1295948
v -0.2394599 3.099298 -0.2394599
v -0.1295948 3.099298 -0.3128695
v 1.480275e-8 3.099298 -0.3386475
v -0.3179687 2.975976 0
v -0.2937648 2.975976 -0.1216814
v -0.2248379 2.975976 -0.2248379
v -0.1216813 2.975976 -0.2937648
v 1.389885e-8 2.975976 -0.3179687
v -0.1909424 2.829144 0
v -0.1764078 2.829144 -0.0730705
v -0.1350166 2.829144 -0.1350166
v -0.07307047 2.829144 -0.1764077
v 8.346356e-9 2.829144 -0.1909424
v -0.2 2.7 0
v -0.1847759 2.7 -0.07653669
v -0.1414214 2.7 -0.1414214
v -0.07653669 2.7 -0.1847759
v 8.742278e-9 2.7 -0.2
v 0.1295948 3.099298 -0.3128695
v 0.2394599 3.099298 -0.2394599
v 0.3128695 3.099298 -0.1295948
v 0.3386475 3.099298 1.480275e-8
v 0.1216814 2.975976 -0.2937648
v 0.2248379 2.975976 -0.2248379
v 0.2937648 2.975976 -0.1216813
v 0.3179687 2.975976 1.389885e-8
v 0.0730705 2.829144 -0.1764078
v 0.1350166 2.829144 -0.1350166
v 0.1764077 2.829144 -0.07307047
v 0.1909424 2.829144 8.346356e-9
v 0.07653669 2.7 -0.1847759
v 0.1414214 2.7 -0.1414214
v 0.1847759 2.7 -0.07653669
v 0.2 2.7 8.742278e-9
v 0 3.099298 0.3386475
v 0.1295948 3.099298 0.3128695
v 0.2394599 3.099298 0.2394599
v 0.3128695 3.099298 0.1295948
v 0 2.975976 0.3179687
v 0.1216814 2.975976 0.2937648
v 0.2248379 2.975976 0.2248379
v 0.2937648 2.975976 0.1216813
v 0 2.829144 0.1909424
v 0.0730705 2.829144 0.1764078
v 0.1350166 2.829144 0.1350166
v 0.1764077 2.829144 0.07307047
v 0 2.7 0.2
v 0.07653669 2.7 0.1847759
v 0.1414214 2.7 0.1414214
v 0.1847759 2.7 0.07653669
v -0.3128695 3.099298 0.1295948
v -0.2394599 3.099298 0.2394599
v -0.1295948 3.099298 0.3128695
v -0.2937648 2.975976 0.1216814
v -0.2248379 2.975976 0.2248379
v -0.1216813 2.975976 0.2937648
v -0.1764078 2.829144 0.0730705
v -0.1350166 2.829144 0.1350166
v -0.07307047 2.829144 0.1764077
v -0.1847759 2.7 0.07653669
v -0.1414214 2.7 0.1414214
v -0.07653669 2.7 0.1847759
v -0.4621826 2.615387 0
v -0.4270011 2.615387 -0.1768697
v -0.3268125 2.615387 -0.3268125
v -0.1768696 2.615387 -0.4270011
v 2.020264e-8 2.615387 -0.4621826
v -0.8320313 2.555274 0
v -0.7686967 2.555274 -0.3184046
v -0.588335 2.555274 -0.588335
v -0.3184046 2.555274 -0.7686967
v 3.636924e-8 2.555274 -0.8320313
v -1.158228 2.490546 0
v -1.070063 2.490546 -0.4432345
v -0.8189906 2.490546 -0.8189906
v -0.4432345 2.490546 -1.070063
v 5.062773e-8 2.490546 -1.158228
v -1.3 2.4 0
v -1.201043 2.4 -0.4974885
v -0.9192387 2.4 -0.9192387
v -0.4974884 2.4 -1.201043
v 5.68248e-8 2.4 -1.3
v 0.1768697 2.615387 -0.4270011
v 0.3268125 2.615387 -0.3268125
v 0.4270011 2.615387 -0.1768696
v 0.4621826 2.615387 2.020264e-8
v 0.3184046 2.555274 -0.7686967
v 0.588335 2.555274 -0.588335
v 0.7686967 2.555274 -0.3184046
v 0.8320313 2.555274 3.636924e-8
v 0.4432345 2.490546 -1.070063
v 0.8189906 2.490546 -0.8189906
v 1.070063 2.490546 -0.4432345
v 1.158228 2.490546 5.062773e-8
v 0.4974885 2.4 -1.201043
v 0.9192387 2.4 -0.9192387
v 1.201043 2.4 -0.4974884
v 1.3 2.4 5.68248e-8
v 0 2.615387 0.4621826
v 0.1768697 2.615387 0.4270011
v 0.3268125 2.615387 0.3268125
v 0.4270011 2.615387 0.1768696
v 0 2.555274 0.8320313
v 0.3184046 2.555274 0.7686967
v 0.588335 2.555274 0.588335
v 0.7686967 2.555274 0.3184046
v 0 2.490546 1.158228
v 0.4432345 2.490546 1.070063
v 0.8189906 2.490546 0.8189906
v 1.070063 2.490546 0.4432345
v 0 2.4 1.3
v 0.4974885 2.4 1.201043
v 0.9192387 2.4 0.9192387
v 1.201043 2.4 0.4974884
v -0.4270011 2.615387 0.1768697
v -0.3268125 2.615387 0.3268125
v -0.1768696 2.615387 0.4270011
v -0.7686967 2.555274 0.3184046
v -0.588335 2.555274 0.588335
v -0.3184046 2.555274 0.7686967
v -1.070063 2.490546 0.4432345
v -0.8189906 2.490546 0.8189906
v -0.4432345 2.490546 1.070063
v -1.201043 2.4 0.4974885
v -0.9192387 2.4 0.9192387
v -0.4974884 2.4 1.201043
v -1.4 2.4 0
v -1.293431 2.4 -0.5357568
v -0.9899495 2.4 -0.9899495
v -0.5357568 2.4 -1.293431
v 6.119594e-8 2.4 -1.4
v -1.38267 2.474418 0
v -1.27742 2.474418 -0.5291249
v -0.977695 2.474418 -0.977695
v -0.5291248 2.474418 -1.27742
v 6.04384e-8 2.474418 -1.38267
v -1.41095 2.500534 0
v -1.303548 2.500534 -0.5399474
v -0.9976925 2.500534 -0.9976925
v -0.5399474 2.500534 -1.303548
v 6.16746e-8 2.500534 -1.41095
v -1.455822 2.475597 0
v -1.345004 2.475597 -0.5571188
v -1.029421 2.475597 -1.029421
v -0.5571188 2.475597 -1.345004
v 6.363598e-8 2.475597 -1.455822
v -1.5 2.4 0
v -1.385819 2.4 -0.5740252
v -1.06066 2.4 -1.06066
v -0.5740252 2.4 -1.385819
v 6.556708e-8 2.4 -1.5
v 0.5357568 2.4 -1.293431
v 0.9899495 2.4 -0.9899495
v 1.293431 2.4 -0.5357568
v 1.4 2.4 6.119594e-8
v 0.5291249 2.474418 -1.27742
v 0.977695 2.474418 -0.977695
v 1.27742 2.474418 -0.5291248
v 1.38267 2.474418 6.04384e-8
v 0.5399474 2.500534 -1.303548
v 0.9976925 2.500534 -0.9976925
v 1.303548 2.500534 -0.5399474
v 1.41095 2.500534 6.16746e-8
v 0.5571188 2.475597 -1.345004
v 1.029421 2.475597 -1.029421
v 1.345004 2.475597 -0.5571188
v 1.455822 2.475597 6.363598e-8
v 0.5740252 2.4 -1.385819
v 1.06066 2.4 -1.06066
v 1.385819 2.4 -0.5740252
v 1.5 2.4 6.556708e-8
v 0 2.4 1.4
v 0.5357568 2.4 1.293431
v 0.9899495 2.4 0.9899495
v 1.293431 2.4 0.5357568
v 0 2.474418 1.38267
v 0.5291249 2.474418 1.27742
v 0.977695 2.474418 0.977695
v 1.27742 2.474418 0.5291248
v 0 2.500534 1.41095
v 0.5399474 2.500534 1.303548
v 0.9976925 2.500534 0.9976925
v 1.303548 2.500534 0.5399474
v 0 2.475597 1.455822
v 0.5571188 2.475597 1.345004
v 1.029421 2.475597 1.029421
v 1.345004 2.475597 0.5571188
v 0 2.4 1.5
v 0.5740252 2.4 1.385819
v 1.06066 2.4 1.06066
v 1.385819 2.4 0.5740252
v -1.293431 2.4 0.5357568
v -0.9899495 2.4 0.9899495
v -0.5357568 2.4 1.293431
v -1.27742 2.474418 0.5291249
v -0.977695 2.474418 0.977695
v -0.5291248 2.474418 1.27742
v -1.303548 2.500534 0.5399474
v -0.9976925 2.500534 0.9976925
v -0.5399474 2.500534 1.303548
v -1.345004 2.475597 0.5571188
v -1.029421 2.475597 1.029421
v -0.5571188 2.475597 1.345004
v -1.385819 2.4 0.5740252
v -1.06066 2.4 1.06066
v -0.5740252 2.4 1.385819
v -1.546293 2.005653 -0.6404955
v -1.183481 2.005653 -1.183481
v -0.6404954 2.005653 -1.546293
v 7.315953e-8 2.005653 -1.673695
v -1.824206 1.619779 0
v -1.685346 1.619779 -0.6980935
v -1.289908 1.619779 -1.289908
v -0.6980934 1.619779 -1.685346
v 7.973857e-8 1.619779 -1.824206
v -1.944943 1.249801 0
v -1.796892 1.249801 -0.7442973
v -1.375282 1.249801 -1.375282
v -0.7442973 1.249801 -1.796892
v 8.501614e-8 1.249801 -1.944943
v -1.847759 0.9 -0.7653669
v -1.414214 0.9 -1.414214
v -0.7653669 0.9 -1.847759
v 8.742278e-8 0.9 -2
v 0.6404955 2.005653 -1.546293
v 1.183481 2.005653 -1.183481
v 1.546293 2.005653 -0.6404954
v 1.673695 2.005653 7.315953e-8
v 0.6980935 1.619779 -1.685346
v 1.289908 1.619779 -1.289908
v 1.685346 1.619779 -0.6980934
v 1.824206 1.619779 7.973857e-8
v 0.7442973 1.249801 -1.796892
v 1.375282 1.249801 -1.375282
v 1.796892 1.249801 -0.7442973
v 0.7653669 0.9 -1.847759
v 1.414214 0.9 -1.414214
v 1.847759 0.9 -0.7653669
v 0 2.005653 1.673695
v 0.6404955 2.005653 1.546293
v 1.183481 2.005653 1.183481
v 1.546293 2.005653 0.6404954
v 0 1.619779 1.824206
v 0.6980935 1.619779 1.685346
v 1.289908 1.619779 1.289908
v 1.685346 1.619779 0.6980934
v 0 1.249801 1.944943
v 0.7442973 1.249801 1.796892
v 1.375282 1.249801 1.375282
v 1.796892 1.249801 0.7442973
v 0 0.9 2
v 0.7653669 0.9 1.847759
v 1.414214 0.9 1.414214
v 1.847759 0.9 0.7653669
v -1.546293 2.005653 0.6404955
v -1.183481 2.005653 1.183481
v -0.6404954 2.005653 1.546293
v -1.685346 1.619779 0.6980935
v -1.289908 1.619779 1.289908
v -0.6980934 1.619779 1.685346
v -1.796892 1.249801 0.7442973
v -1.375282 1.249801 1.375282
v -0.7442973 1.249801 1.796892
v -1.847759 0.9 0.7653669
v -1.414214 0.9 1.414214
v -0.7653669 0.9 1.847759
v -1.784716 0.6035157 -0.7392536
v -1.365963 0.6035157 -1.365963
v -0.7392536 0.6035157 -1.784716
v 8.444002e-8 0.6035157 -1.931763
v -1.761719 0.384375 0
v -1.627616 0.384375 -0.6741806
v -1.245723 0.384375 -1.245723
v -0.6741806 0.384375 -1.627616
v 7.700717e-8 0.384375 -1.761719
v -1.581421 0.2355469 0
v -1.461042 0.2355469 -0.6051835
v -1.118233 0.2355469 -1.118233
v -0.6051835 0.2355469 -1.461042
v 6.91261e-8 0.2355469 -1.581421
v -1.5 0.15 0
v -1.385819 0.15 -0.5740252
v -1.06066 0.15 -1.06066
v -0.5740252 0.15 -1.385819
v 6.556708e-8 0.15 -1.5
v 0.7392536 0.6035157 -1.784716
v 1.365963 0.6035157 -1.365963
v 1.784716 0.6035157 -0.7392536
v 1.931763 0.6035157 8.444002e-8
v 0.6741806 0.384375 -1.627616
v 1.245723 0.384375 -1.245723
v 1.627616 0.384375 -0.6741806
v 1.761719 0.384375 7.700717e-8
v 0.6051835 0.2355469 -1.461042
v 1.118233 0.2355469 -1.118233
v 1.461042 0.2355469 -0.6051835
v 1.581421 0.2355469 6.91261e-8
v 0.5740252 0.15 -1.385819
v 1.06066 0.15 -1.06066
v 1.385819 0.15 -0.5740252
v 1.5 0.15 6.556708e-8
v 0 0.6035157 1.931763
v 0.7392536 0.6035157 1.784716
v 1.365963 0.6035157 1.365963
v 1.784716 0.6035157 0.7392536
v 0 0.384375 1.761719
v 0.6741806 0.384375 1.627616
v 1.245723 0.384375 1.245723
v 1.627616 0.384375 0.6741806
v 0 0.2355469 1.581421
v 0.6051835 0.2355469 1.461042
v 1.118233 0.2355469 1.118233
v 1.461042 0.2355469 0.6051835
v 0 0.15 1.5
v 0.5740252 0.15 1.385819
v 1.06066 0.15 1.06066
v 1.385819 0.15 0.5740252
v -1.784716 0.6035157 0.7392536
v -1.365963 0.6035157 1.365963
v -0.7392536 0.6035157 1.784716
v -1.627616 0.384375 0.6741806
v -1.245723 0.384375 1.245723
v -0.6741806 0.384375 1.627616
v -1.461042 0.2355469 0.6051835
v -1.118233 0.2355469 1.118233
v -0.6051835 0.2355469 1.461042
v -1.385819 0.15 0.5740252
v -1.06066 0.15 1.06066
v -0.5740252 0.15 1.385819
v -1.466016 0.09492188 0
v -1.354422 0.09492188 -0.5610199
v -1.03663 0.09492188 -1.03663
v -0.5610199 0.09492188 -1.354422
v 6.408158e-8 0.09492188 -1.466016
v -1.284375 0.046875 0
v -1.186608 0.046875 -0.4915091
v -0.9081903 0.046875 -0.9081903
v -0.491509 0.046875 -1.186608
v 5.614181e-8 0.046875 -1.284375
v -0.8355469 0.01289063 0
v -0.7719445 0.01289063 -0.31975
v -0.5908208 0.01289063 -0.5908208
v -0.3197499 0.01289063 -0.7719445
v 3.652291e-8 0.01289063 -0.8355469
v 0 0 0
v 0.5610199 0.09492188 -1.354422
v 1.03663 0.09492188 -1.03663
v 1.354422 0.09492188 -0.5610199
v 1.466016 0.09492188 6.408158e-8
v 0.4915091 0.046875 -1.186608
v 0.9081903 0.046875 -0.9081903
v 1.186608 0.046875 -0.491509
v 1.284375 0.046875 5.614181e-8
v 0.31975 0.01289063 -0.7719445
v 0.5908208 0.01289063 -0.5908208
v 0.7719445 0.01289063 -0.3197499
v 0.8355469 0.01289063 3.652291e-8
v 0 0.09492188 1.466016
v 0.5610199 0.09492188 1.354422
v 1.03663 0.09492188 1.03663
v 1.354422 0.09492188 0.5610199
v 0 0.046875 1.284375
v 0.4915091 0.046875 1.186608
v 0.9081903 0.046875 0.9081903
v 1.186608 0.046875 0.491509
v 0 0.01289063 0.8355469
v 0.31975 0.01289063 0.7719445
v 0.5908208 0.01289063 0.5908208
v 0.7719445 0.01289063 0.3197499
v -1.354422 0.09492188 0.5610199
v -1.03663 0.09492188 1.03663
v -0.5610199 0.09492188 1.354422
v -1.186608 0.046875 0.4915091
v -0.9081903 0.046875 0.9081903
v -0.491509 0.046875 1.186608
v -0.7719445 0.01289063 0.31975
v -0.5908208 0.01289063 0.5908208
v -0.3197499 0.01289063 0.7719445
v 2.216764 1.427679 0
v 2.241512 1.364862 -0.2023606
v 2.295594 1.226744 -0.2697011
v 2.349431 1.088733 -0.2022022
v 2.373863 1.026026 0
v 2.430471 1.727168 0
v 2.462903 1.692416 -0.1579419
v 2.532964 1.616242 -0.2101872
v 2.602153 1.540451 -0.1573786
v 2.63346 1.506091 0
v 2.556579 2.082978 0
v 2.595654 2.07228 -0.1096912
v 2.680532 2.048981 -0.1459158
v 2.764674 2.026005 -0.1092159
v 2.8028 2.015638 0
v 2.8 2.4 0
v 3.2 2.4 0
v 1.907954 1.343925 0
v 1.875581 1.254523 -0.2161389
v 1.889217 1.182375 -0.2468812
v 1.887323 1.079883 -0.2884141
v 1.909528 0.9515165 -0.2330292
v 1.89684 0.9038353 -0.2165221
v 1.915955 0.8299479 0
v 1.823062 1.337598 3.594507e-8
v 1.775151 1.405508 7.75943e-8
v 1.801802 1.248215 -0.2249841
v 1.762929 1.279513 -0.2783301
v 1.821838 1.172176 -0.258512
v 1.788425 1.184207 -0.3142059
v 1.826674 1.067032 -0.3051579
v 1.800485 1.058664 -0.362561
v 1.85909 0.9312027 -0.2513898
v 1.841077 0.9 -0.2962269
v 1.84851 0.8834023 -0.2359217
v 1.830915 0.8484017 -0.2775331
v 1.875485 0.798763 0
v 1.859052 0.7489085 0
v 2.241512 1.364862 0.2023606
v 2.295594 1.226744 0.2697011
v 2.349431 1.088733 0.2022022
v 2.462903 1.692416 0.1579419
v 2.532964 1.616242 0.2101872
v 2.602153 1.540451 0.1573786
v 2.595654 2.07228 0.1096912
v 2.680532 2.048981 0.1459158
v 2.764674 2.026005 0.1092159
v 2.8625 2.4 0.084375
v 3 2.4 0.1125
v 3.1375 2.4 0.084375
v 1.875581 1.254523 0.2161389
v 1.889217 1.182375 0.2468812
v 1.887323 1.079883 0.2884141
v 1.909528 0.9515165 0.2330292
v 1.89684 0.9038353 0.2165221
v 1.801802 1.248215 0.2249841
v 1.762929 1.279513 0.2783301
v 1.821838 1.172176 0.258512
v 1.788425 1.184207 0.3142059
v 1.826674 1.067032 0.3051579
v 1.800485 1.058664 0.362561
v 1.85909 0.9312027 0.2513898
v 1.841077 0.9 0.2962269
v 1.84851 0.8834023 0.2359217
v 1.830915 0.8484017 0.2775331
v 0 0.18 0
v -0.4964759 0.181701 0
v -0.4586839 0.181701 -0.1899931
v -0.3510615 0.181701 -0.3510615
v -0.1899931 0.181701 -0.4586839
v 2.170165e-8 0.181701 -0.4964759
v -0.8235809 0.1891729 0
v -0.7608895 0.1891729 -0.3151708
v -0.5823596 0.1891729 -0.5823596
v -0.3151708 0.1891729 -0.7608895
v 3.599986e-8 0.1891729 -0.8235809
v -1.039428 0.2019779 0
v -0.9603059 0.2019779 -0.3977717
v -0.7349864 0.2019779 -0.7349864
v -0.3977717 0.2019779 -0.9603059
v 4.543482e-8 0.2019779 -1.039428
v -1.2 0.225 0
v -1.108655 0.225 -0.4592202
v -0.8485281 0.225 -0.8485281
v -0.4592201 0.225 -1.108655
v 5.245367e-8 0.225 -1.2
v 0.1899931 0.181701 -0.4586839
v 0.3510615 0.181701 -0.3510615
v 0.4586839 0.181701 -0.1899931
v 0.4964759 0.181701 2.170165e-8
v 0.3151708 0.1891729 -0.7608895
v 0.5823596 0.1891729 -0.5823596
v 0.7608895 0.1891729 -0.3151708
v 0.8235809 0.1891729 3.599986e-8
v 0.3977717 0.2019779 -0.9603059
v 0.7349864 0.2019779 -0.7349864
v 0.9603059 0.2019779 -0.3977717
v 1.039428 0.2019779 4.543482e-8
v 0.4592202 0.225 -1.108655
v 0.8485281 0.225 -0.8485281
v 1.108655 0.225 -0.4592201
v 1.2 0.225 5.245367e-8
v 0 0.181701 0.4964759
v 0.1899931 0.181701 0.4586839
v 0.3510615 0.181701 0.3510615
v 0.4586839 0.181701 0.1899931
v 0 0.1891729 0.8235809
v 0.3151708 0.1891729 0.7608895
v 0.5823596 0.1891729 0.5823596
v 0.7608895 0.1891729 0.3151708
v 0 0.2019779 1.039428
v 0.3977717 0.2019779 0.9603059
v 0.7349864 0.2019779 0.7349864
v 0.9603059 0.2019779 0.3977717
v 0 0.225 1.2
v 0.4592202 0.225 1.108655
v 0.8485281 0.225 0.8485281
v 1.108655 0.225 0.4592201
v -0.4586839 0.181701 0.1899931
v -0.3510615 0.181701 0.3510615
v -0.1899931 0.181701 0.4586839
v -0.7608895 0.1891729 0.3151708
v -0.5823596 0.1891729 0.5823596
v -0.3151708 0.1891729 0.7608895
v -0.9603059 0.2019779 0.3977717
v -0.7349864 0.2019779 0.7349864
v -0.3977717 0.2019779 0.9603059
v -1.108655 0.225 0.4592202
v -0.8485281 0.225 0.8485281
v -0.4592201 0.225 1.108655
v -1.398165 0.2916159 0
v -1.291736 0.2916159 -0.5350548
v -0.9886522 0.2916159 -0.9886522
v -0.5350547 0.2916159 -1.291736
v 6.111576e-8 0.2916159 -1.398165
v -1.637861 0.4295772 0
v -1.513186 0.4295772 -0.6267822
v -1.158143 0.4295772 -1.158143
v -0.6267822 0.4295772 -1.513186
v 7.159317e-8 0.4295772 -1.637861
v -1.828803 0.6353303 0
v -1.689594 0.6353303 -0.6998527
v -1.293159 0.6353303 -1.293159
v -0.6998526 0.6353303 -1.689594
v 7.993952e-8 0.6353303 -1.828803
v -1.9 0.9 0
v -1.755371 0.9 -0.7270986
v -1.343503 0.9 -1.343503
v -0.7270985 0.9 -1.755371
v 8.305164e-8 0.9 -1.9
v 0.5350548 0.2916159 -1.291736
v 0.9886522 0.2916159 -0.9886522
v 1.291736 0.2916159 -0.5350547
v 1.398165 0.2916159 6.111576e-8
v 0.6267822 0.4295772 -1.513186
v 1.158143 0.4295772 -1.158143
v 1.513186 0.4295772 -0.6267822
v 1.637861 0.4295772 7.159317e-8
v 0.6998527 0.6353303 -1.689594
v 1.293159 0.6353303 -1.293159
v 1.689594 0.6353303 -0.6998526
v 1.828803 0.6353303 7.993952e-8
v 0.7270986 0.9 -1.755371
v 1.343503 0.9 -1.343503
v 1.755371 0.9 -0.7270985
v 0 0.2916159 1.398165
v 0.5350548 0.2916159 1.291736
v 0.9886522 0.2916159 0.9886522
v 1.291736 0.2916159 0.5350547
v 0 0.4295772 1.637861
v 0.6267822 0.4295772 1.513186
v 1.158143 0.4295772 1.158143
v 1.513186 0.4295772 0.6267822
v 0 0.6353303 1.828803
v 0.6998527 0.6353303 1.689594
v 1.293159 0.6353303 1.293159
v 1.689594 0.6353303 0.6998526
v 0 0.9 1.9
v 0.7270986 0.9 1.755371
v 1.343503 0.9 1.343503
v 1.755371 0.9 0.7270985
v -1.291736 0.2916159 0.5350548
v -0.9886522 0.2916159 0.9886522
v -0.5350547 0.2916159 1.291736
v -1.513186 0.4295772 0.6267822
v -1.158143 0.4295772 1.158143
v -0.6267822 0.4295772 1.513186
v -1.689594 0.6353303 0.6998527
v -1.293159 0.6353303 1.293159
v -0.6998526 0.6353303 1.689594
v -1.755371 0.9 0.7270986
v -1.343503 0.9 1.343503
v -0.7270985 0.9 1.755371
v -1.850925 1.184207 0
v -1.710032 1.184207 -0.7083184
v -1.308802 1.184207 -1.308802
v -0.7083183 1.184207 -1.710032
v 8.09065e-8 1.184207 -1.850925
v -1.745617 1.491764 0
v -1.612739 1.491764 -0.6680185
v -1.234337 1.491765 -1.234337
v -0.6680185 1.491764 -1.612739
v 7.630332e-8 1.491764 -1.745617
v -1.628519 1.820122 0
v -1.504555 1.820121 -0.6232071
v -1.151537 1.820122 -1.151537
v -0.6232071 1.820121 -1.504555
v 7.118481e-8 1.820122 -1.628519
v -1.5 2.16 0
v -1.385819 2.16 -0.5740252
v -1.06066 2.16 -1.06066
v -0.5740252 2.16 -1.385819
v 6.556708e-8 2.16 -1.5
v 0.7083184 1.184207 -1.710032
v 1.308802 1.184207 -1.308802
v 1.710032 1.184207 -0.7083183
v 0.6680185 1.491764 -1.612739
v 1.234337 1.491765 -1.234337
v 1.612739 1.491764 -0.6680185
v 1.745617 1.491764 7.630332e-8
v 0.6232071 1.820121 -1.504555
v 1.151537 1.820122 -1.151537
v 1.504555 1.820121 -0.6232071
v 1.628519 1.820122 7.118481e-8
v 0.5740252 2.16 -1.385819
v 1.06066 2.16 -1.06066
v 1.385819 2.16 -0.5740252
v 1.5 2.16 6.556708e-8
v 0 1.184207 1.850925
v 0.7083184 1.184207 1.710032
v 1.308802 1.184207 1.308802
v 1.710032 1.184207 0.7083183
v 0 1.491764 1.745617
v 0.6680185 1.491764 1.612739
v 1.234337 1.491765 1.234337
v 1.612739 1.491764 0.6680185
v 0 1.820122 1.628519
v 0.6232071 1.820121 1.504555
v 1.151537 1.820122 1.151537
v 1.504555 1.820121 0.6232071
v 0 2.16 1.5
v 0.5740252 2.16 1.385819
v 1.06066 2.16 1.06066
v 1.385819 2.16 0.5740252
v -1.710032 1.184207 0.7083184
v -1.308802 1.184207 1.308802
v -0.7083183 1.184207 1.710032
v -1.612739 1.491764 0.6680185
v -1.234337 1.491765 1.234337
v -0.6680185 1.491764 1.612739
v -1.504555 1.820121 0.6232071
v -1.151537 1.820122 1.151537
v -0.6232071 1.820121 1.504555
v -1.385819 2.16 0.5740252
v -1.06066 2.16 1.06066
v -0.5740252 2.16 1.385819
v -1.432931 2.25941 0
v -1.323856 2.25941 -0.5483591
v -1.013235 2.25941 -1.013235
v -0.5483591 2.25941 -1.323856
v 6.263542e-8 2.25941 -1.432931
v -1.332317 2.299485 0
v -1.2309 2.299485 -0.5098556
v -0.9420903 2.299485 -0.9420903
v -0.5098556 2.299485 -1.2309
v 5.823741e-8 2.299485 -1.332317
v -1.235925 2.313137 0
v -1.141846 2.313137 -0.472968
v -0.8739309 2.313137 -0.8739309
v -0.472968 2.313137 -1.141846
v 5.4024e-8 2.313137 -1.235925
v -1.2 2.34 0
v -1.108655 2.34 -0.4592202
v -0.8485281 2.34 -0.8485281
v -0.4592201 2.34 -1.108655
v 5.245367e-8 2.34 -1.2
v 0.5483591 2.25941 -1.323856
v 1.013235 2.25941 -1.013235
v 1.323856 2.25941 -0.5483591
v 1.432931 2.25941 6.263542e-8
v 0.5098556 2.299485 -1.2309
v 0.9420903 2.299485 -0.9420903
v 1.2309 2.299485 -0.5098556
v 1.332317 2.299485 5.823741e-8
v 0.472968 2.313137 -1.141846
v 0.8739309 2.313137 -0.8739309
v 1.141846 2.313137 -0.472968
v 1.235925 2.313137 5.4024e-8
v 0.4592202 2.34 -1.108655
v 0.8485281 2.34 -0.8485281
v 1.108655 2.34 -0.4592201
v 1.2 2.34 5.245367e-8
v 0 2.25941 1.432931
v 0.5483591 2.25941 1.323856
v 1.013235 2.25941 1.013235
v 1.323856 2.25941 0.5483591
v 0 2.299485 1.332317
v 0.5098556 2.299485 1.2309
v 0.9420903 2.299485 0.9420903
v 1.2309 2.299485 0.5098556
v 0 2.313137 1.235925
v 0.472968 2.313137 1.141846
v 0.8739309 2.313137 0.8739309
v 1.141846 2.313137 0.472968
v 0 2.34 1.2
v 0.4592202 2.34 1.108655
v 0.8485281 2.34 0.8485281
v 1.108655 2.34 0.4592201
v -1.323856 2.25941 0.5483591
v -1.013235 2.25941 1.013235
v -0.5483591 2.25941 1.323856
v -1.2309 2.299485 0.5098556
v -0.9420903 2.299485 0.9420903
v -0.5098556 2.299485 1.2309
v -1.141846 2.313137 0.472968
v -0.8739309 2.313137 0.8739309
v -0.472968 2.313137 1.141846
v -1.108655 2.34 0.4592202
v -0.8485281 2.34 0.8485281
v -0.4592201 2.34 1.108655
v -1.221934 2.374687 0
v -1.128919 2.374687 -0.4676138
v -0.8640375 2.374687 -0.8640375
v -0.4676138 2.374687 -1.128919
v 5.341241e-8 2.374687 -1.221934
v -1.268125 2.3925 0
v -1.171595 2.3925 -0.4852905
v -0.8966998 2.3925 -0.8966998
v -0.4852905 2.3925 -1.171595
v 5.543151e-8 2.3925 -1.268125
v -1.328145 2.399063 0
v -1.227046 2.399063 -0.5082589
v -0.93914 2.399063 -0.93914
v -0.5082589 2.399063 -1.227046
v 5.805504e-8 2.399063 -1.328145
v 0.4676138 2.374687 -1.128919
v 0.8640375 2.374687 -0.8640375
v 1.128919 2.374687 -0.4676138
v 1.221934 2.374687 5.341241e-8
v 0.4852905 2.3925 -1.171595
v 0.8966998 2.3925 -0.8966998
v 1.171595 2.3925 -0.4852905
v 1.268125 2.3925 5.543151e-8
v 0.5082589 2.399063 -1.227046
v 0.93914 2.399063 -0.93914
v 1.227046 2.399063 -0.5082589
v 1.328145 2.399063 5.805504e-8
v 0 2.374687 1.221934
v 0.4676138 2.374687 1.128919
v 0.8640375 2.374687 0.8640375
v 1.128919 2.374687 0.4676138
v 0 2.3925 1.268125
v 0.4852905 2.3925 1.171595
v 0.8966998 2.3925 0.8966998
v 1.171595 2.3925 0.4852905
v 0 2.399063 1.328145
v 0.5082589 2.399063 1.227046
v 0.93914 2.399063 0.93914
v 1.227046 2.399063 0.5082589
v -1.128919 2.374687 0.4676138
v -0.8640375 2.374687 0.8640375
v -0.4676138 2.374687 1.128919
v -1.171595 2.3925 0.4852905
v -0.8966998 2.3925 0.8966998
v -0.4852905 2.3925 1.171595
v -1.227046 2.399063 0.5082589
v -0.93914 2.399063 0.93914
v -0.5082589 2.399063 1.227046
v -1.220312 2.388281 0
v -1.127422 2.388281 -0.4669934
v -0.8628913 2.388281 -0.8628913
v -0.4669934 2.388281 -1.127422
v 5.334156e-8 2.388281 -1.220312
v -1.1875 2.3625 0
v -1.097107 2.3625 -0.4544366
v -0.8396893 2.3625 -0.8396893
v -0.4544366 2.3625 -1.097107
v 5.190727e-8 2.3625 -1.1875
v -1.173438 2.336719 0
v -1.084115 2.336719 -0.4490552
v -0.8297457 2.336719 -0.8297457
v -0.4490551 2.336719 -1.084115
v 5.129259e-8 2.336719 -1.173438
v -1.15 2.325 0
v -1.062461 2.325 -0.440086
v -0.8131728 2.325 -0.8131728
v -0.4400859 2.325 -1.062461
v 5.02681e-8 2.325 -1.15
v 0.4669934 2.388281 -1.127422
v 0.8628913 2.388281 -0.8628913
v 1.127422 2.388281 -0.4669934
v 1.220312 2.388281 5.334156e-8
v 0.4544366 2.3625 -1.097107
v 0.8396893 2.3625 -0.8396893
v 1.097107 2.3625 -0.4544366
v 1.1875 2.3625 5.190727e-8
v 0.4490552 2.336719 -1.084115
v 0.8297457 2.336719 -0.8297457
v 1.084115 2.336719 -0.4490551
v 1.173438 2.336719 5.129259e-8
v 0.440086 2.325 -1.062461
v 0.8131728 2.325 -0.8131728
v 1.062461 2.325 -0.4400859
v 1.15 2.325 5.02681e-8
v 0 2.388281 1.220312
v 0.4669934 2.388281 1.127422
v 0.8628913 2.388281 0.8628913
v 1.127422 2.388281 0.4669934
v 0 2.3625 1.1875
v 0.4544366 2.3625 1.097107
v 0.8396893 2.3625 0.8396893
v 1.097107 2.3625 0.4544366
v 0 2.336719 1.173438
v 0.4490552 2.336719 1.084115
v 0.8297457 2.336719 0.8297457
v 1.084115 2.336719 0.4490551
v 0 2.325 1.15
v 0.440086 2.325 1.062461
v 0.8131728 2.325 0.8131728
v 1.062461 2.325 0.4400859
v -1.127422 2.388281 0.4669934
v -0.8628913 2.388281 0.8628913
v -0.4669934 2.388281 1.127422
v -1.097107 2.3625 0.4544366
v -0.8396893 2.3625 0.8396893
v -0.4544366 2.3625 1.097107
v -1.084115 2.336719 0.4490552
v -0.8297457 2.336719 0.8297457
v -0.4490551 2.336719 1.084115
v -1.062461 2.325 0.440086
v -0.8131728 2.325 0.8131728
v -0.4400859 2.325 1.062461
v -1.126111 2.338423 0
v -1.040391 2.338423 -0.430944
v -0.7962806 2.338423 -0.7962806
v -0.430944 2.338423 -1.040391
v 4.922387e-8 2.338423 -1.126111
v -1.107422 2.370645 0
v -1.023124 2.370645 -0.4237921
v -0.7830656 2.370645 -0.7830656
v -0.423792 2.370645 -1.023124
v 4.840695e-8 2.370645 -1.107422
v -1.059582 2.404646 0
v -0.9789265 2.404646 -0.4054847
v -0.749238 2.404646 -0.749238
v -0.4054847 2.404646 -0.9789265
v 4.631582e-8 2.404646 -1.059582
v -0.95 2.43 0
v -0.8776855 2.43 -0.3635493
v -0.6717514 2.43 -0.6717514
v -0.3635493 2.43 -0.8776855
v 4.152582e-8 2.43 -0.95
v 0.430944 2.338423 -1.040391
v 0.7962806 2.338423 -0.7962806
v 1.040391 2.338423 -0.430944
v 1.126111 2.338423 4.922387e-8
v 0.4237921 2.370645 -1.023124
v 0.7830656 2.370645 -0.7830656
v 1.023124 2.370645 -0.423792
v 1.107422 2.370645 4.840695e-8
v 0.4054847 2.404646 -0.9789265
v 0.749238 2.404646 -0.749238
v 0.9789265 2.404646 -0.4054847
v 1.059582 2.404646 4.631582e-8
v 0.3635493 2.43 -0.8776855
v 0.6717514 2.43 -0.6717514
v 0.8776855 2.43 -0.3635493
v 0.95 2.43 4.152582e-8
v 0 2.338423 1.126111
v 0.430944 2.338423 1.040391
v 0.7962806 2.338423 0.7962806
v 1.040391 2.338423 0.430944
v 0 2.370645 1.107422
v 0.4237921 2.370645 1.023124
v 0.7830656 2.370645 0.7830656
v 1.023124 2.370645 0.423792
v 0 2.404646 1.059582
v 0.4054847 2.404646 0.9789265
v 0.749238 2.404646 0.749238
v 0.9789265 2.404646 0.4054847
v 0 2.43 0.95
v 0.3635493 2.43 0.8776855
v 0.6717514 2.43 0.6717514
v 0.8776855 2.43 0.3635493
v -1.040391 2.338423 0.430944
v -0.7962806 2.338423 0.7962806
v -0.430944 2.338423 1.040391
v -1.023124 2.370645 0.4237921
v -0.7830656 2.370645 0.7830656
v -0.423792 2.370645 1.023124
v -0.9789265 2.404646 0.4054847
v -0.749238 2.404646 0.749238
v -0.4054847 2.404646 0.9789265
v -0.8776855 2.43 0.3635493
v -0.6717514 2.43 0.6717514
v -0.3635493 2.43 0.8776855
v -0.77948 2.453011 0
v -0.7201456 2.453011 -0.2982941
v -0.5511756 2.453011 -0.5511756
v -0.2982941 2.453011 -0.7201456
v 3.407215e-8 2.453011 -0.77948
v -0.5675781 2.481855 0
v -0.5243738 2.481855 -0.2172028
v -0.4013383 2.481855 -0.4013383
v -0.2172028 2.481856 -0.5243738
v 2.480963e-8 2.481855 -0.5675781
v -0.3098267 2.50892 0
v -0.2862425 2.50892 -0.1185655
v -0.2190805 2.50892 -0.2190805
v -0.1185655 2.50892 -0.2862425
v 1.354295e-8 2.50892 -0.3098267
v 0 2.52 0
v 0.2982941 2.453011 -0.7201456
v 0.5511756 2.453011 -0.5511756
v 0.7201456 2.453011 -0.2982941
v 0.77948 2.453011 3.407215e-8
v 0.2172028 2.481855 -0.5243738
v 0.4013383 2.481855 -0.4013383
v 0.5243738 2.481856 -0.2172028
v 0.5675781 2.481855 2.480963e-8
v 0.1185655 2.50892 -0.2862425
v 0.2190805 2.50892 -0.2190805
v 0.2862425 2.50892 -0.1185655
v 0.3098267 2.50892 1.354295e-8
v 0 2.453011 0.77948
v 0.2982941 2.453011 0.7201456
v 0.5511756 2.453011 0.5511756
v 0.7201456 2.453011 0.2982941
v 0 2.481855 0.5675781
v 0.2172028 2.481855 0.5243738
v 0.4013383 2.481855 0.4013383
v 0.5243738 2.481856 0.2172028
v 0 2.50892 0.3098267
v 0.1185655 2.50892 0.2862425
v 0.2190805 2.50892 0.2190805
v 0.2862425 2.50892 0.1185655
v -0.7201456 2.453011 0.2982941
v -0.5511756 2.453011 0.5511756
v -0.2982941 2.453011 0.7201456
v -0.5243738 2.481855 0.2172028
v -0.4013383 2.481855 0.4013383
v -0.2172028 2.481856 0.5243738
v -0.2862425 2.50892 0.1185655
v -0.2190805 2.50892 0.2190805
v -0.1185655 2.50892 0.2862425

vn -0.04953216 0.9987725 0
vn -0.03817837 0.7998354 -0.599004
vn -7.907039e-9 -2.384663e-9 -1
vn 0.02974141 -0.800971 -0.5979639
vn 0.03395047 -0.9994235 0
vn -0.2848965 0.9585583 0
vn -0.2163806 0.7595481 -0.6134055
vn 5.81306e-9 4.70581e-9 -1
vn 0.1689737 -0.7804572 -0.6019422
vn 0.1930219 -0.9811944 0
vn -0.8125722 0.5828605 0
vn -0.6191757 0.4634646 -0.6338943
vn 6.562947e-9 1.058349e-8 -1
vn 0.5553821 -0.5476597 -0.6257952
vn 0.6774981 -0.7355245 0
vn -1 0 0
vn -0.8 -2.693996e-8 -0.6
vn 0 0 -1
vn 0.8000001 -4.295827e-8 -0.5999999
vn 1 0.000001324547 0
vn -0.009826657 0.9999517 0
vn -0.005701481 0.8000495 -0.5999068
vn -1.543487e-9 -4.654961e-10 -1
vn 0.006989082 -0.5685562 -0.8226147
vn 0.009631145 -0.8003924 -0.599399
vn 0.01544149 -0.9998808 0
vn -0.5837831 0.8119096 0
vn -0.9448135 0.3276088 0
vn -0.5895196 0.6792769 -0.4370921
vn -0.9360163 0.3271087 -0.129898
vn -0.6208937 0.2070221 -0.7560641
vn -0.9330732 0.311115 -0.1805046
vn -0.6421921 -0.2304434 -0.7310849
vn -0.9428443 0.3001983 -0.1446572
vn -0.7363002 -0.3818553 -0.5586131
vn -0.9469962 0.2955543 -0.1258804
vn -0.796717 -0.6043525 0
vn -0.9580572 0.2865772 0
vn -0.03817837 0.7998354 0.599004
vn -7.907039e-9 -2.384663e-9 1
vn 0.02974141 -0.800971 0.5979639
vn -0.2163806 0.7595481 0.6134055
vn 5.81306e-9 4.70581e-9 1
vn 0.1689737 -0.7804572 0.6019422
vn -0.6191757 0.4634646 0.6338943
vn 6.562947e-9 1.058349e-8 1
vn 0.5553821 -0.5476597 0.6257952
vn -0.8 -2.693996e-8 0.6
vn 0 0 1
vn 0.8000001 -4.295827e-8 0.5999999
vn -0.005701481 0.8000495 0.5999068
vn -1.543487e-9 -4.654961e-10 1
vn 0.006989082 -0.5685562 0.8226147
vn 0.009631145 -0.8003924 0.599399
vn -0.5895196 0.6792769 0.4370921
vn -0.9360163 0.3271087 0.129898
vn -0.6208937 0.2070221 0.7560641
vn -0.9330732 0.311115 0.1805046
vn -0.6421921 -0.2304434 0.7310849
vn -0.9428443 0.3001983 0.1446572
vn -0.7363002 -0.3818553 0.5586131
vn -0.9469962 0.2955543 0.1258804
vn -0.9509482 -0.3093502 0
vn -0.7519158 -0.2408679 -0.6136819
vn -4.287351e-9 6.959468e-9 -1
vn 0.7598932 0.2217045 -0.6110725
vn 0.9621745 0.2724338 0
vn -0.8324224 -0.5541416 0
vn -0.6721601 -0.4312526 -0.6018488
vn -4.692241e-9 3.547792e-9 -1
vn 0.7187238 0.3727587 -0.5869303
vn 0.8993677 0.4371931 0
vn -0.6723963 -0.7401913 0
vn -0.5621042 -0.5995233 -0.5697461
vn 9.609037e-9 -2.064164e-9 -1
vn 0.6252617 0.5568805 -0.5467467
vn 0.7642913 0.6448711 0
vn 0.6304662 0.7762167 0
vn 0.5191967 0.6335778 -0.5735973
vn 0.3120554 0.3808024 -0.8704085
vn 2.831282e-9 -6.082015e-10 -1
vn -0.4417323 -0.6784628 -0.586993
vn -0.5096353 -0.7822396 -0.358292
vn -0.5426986 -0.8399276 0
vn -0.3867532 0.9221833 0
vn -0.9960824 0.08843014 0
vn -0.4447927 0.6305705 -0.6360347
vn -0.992886 0.04478927 -0.1103237
vn -0.4773537 0.315836 -0.8199885
vn -0.9913214 -8.576524e-9 -0.1314606
vn -0.6859257 -0.09273764 -0.721738
vn -0.9786158 -0.1325988 -0.1572534
vn -0.8343255 -0.4778139 -0.2749453
vn -0.9337803 -0.340945 -0.1086776
vn -0.8032232 -0.5632449 -0.1938756
vn -0.9306589 -0.3603786 -0.06325614
vn -0.7916353 -0.610994 0
vn -0.9156914 -0.4018821 0
vn -0.7519158 -0.2408679 0.6136819
vn -4.287351e-9 6.959468e-9 1
vn 0.7598932 0.2217045 0.6110725
vn -0.6721601 -0.4312526 0.6018488
vn -4.692241e-9 3.547792e-9 1
vn 0.7187238 0.3727587 0.5869303
vn -0.5621042 -0.5995233 0.5697461
vn 9.609037e-9 -2.064164e-9 1
vn 0.6252617 0.5568805 0.5467467
vn 0.5191967 0.6335778 0.5735973
vn 0.3120554 0.3808024 0.8704085
vn 2.831282e-9 -6.082015e-10 1
vn -0.4417323 -0.6784628 0.586993
vn -0.5096353 -0.7822396 0.358292
vn -0.4447927 0.6305705 0.6360347
vn -0.992886 0.04478927 0.1103237
vn -0.4773537 0.315836 0.8199885
vn -0.9913214 -8.576524e-9 0.1314606
vn -0.6859257 -0.09273764 0.721738
vn -0.9786158 -0.1325988 0.1572534
vn -0.8343255 -0.4778139 0.2749453
vn -0.9337803 -0.340945 0.1086776
vn -0.8032232 -0.5632449 0.1938756
vn -0.9306589 -0.3603786 0.06325614
vn 0.7071068 -0.7071068 0
vn 0.3980665 -0.4557578 0.7961332
vn 0 0 1
vn -0.3642042 0.5803244 0.7284085
vn -0.5144946 0.8574936 0
vn 0.9113948 -0.4115333 0
vn 0.3918322 0.07480974 0.9169902
vn -0.02760942 0.5745391 0.8180113
vn -0.2266362 0.8748658 0.4280722
vn -0.2817354 0.9594922 0
vn 0.09735274 0.99525 0
vn -0.008664759 0.9963021 0.08548156
vn -0.04649132 0.99698 -0.06220388
vn 0.04106253 0.9797037 -0.1962001
vn 0.2223905 0.9749576 0
vn -0.4385249 0.898719 0
vn -0.2857919 0.7894288 -0.5432541
vn -0.0126421 0.4621383 -0.8867178
vn 0.3948803 -0.4771082 -0.7851353
vn 0.4691797 -0.8831027 0
vn -0.7071068 0.7071068 0
vn -0.4239661 0.487721 -0.7631389
vn 0 0 -1
vn 0.3747911 -0.6359358 -0.6746238
vn 0.4856419 -0.8741579 0
vn 0.3980665 -0.4557578 -0.7961332
vn 0 0 -1
vn -0.3642042 0.5803244 -0.7284085
vn 0.3918322 0.07480974 -0.9169902
vn -0.02760942 0.5745391 -0.8180113
vn -0.2266362 0.8748658 -0.4280722
vn -0.008664759 0.9963021 -0.08548156
vn -0.04649132 0.99698 0.06220388
vn 0.04106253 0.9797037 0.1962001
vn -0.2857919 0.7894288 0.5432541
vn -0.0126421 0.4621383 0.8867178
vn 0.3948803 -0.4771082 0.7851353
vn -0.4239661 0.487721 0.7631389
vn 0 0 1
vn 0.3747911 -0.6359358 0.6746238
vn -0.9585779 0.2848304 0
vn -0.6549813 0.2982417 -0.6942992
vn 0.05845144 0.1243422 -0.9905162
vn 0.6974429 -0.1958668 -0.6893545
vn 0.9337987 -0.3577987 0
vn -0.9524389 0.3047296 0
vn -0.718742 0.3286153 -0.6127169
vn 0.2229391 0.1408037 -0.96461
vn 0.8463352 -0.1263526 -0.5174474
vn 0.9769802 -0.2133301 0
vn -0.6526408 0.7576674 0
vn -0.4110237 0.5727946 -0.7092009
vn 0.1810841 0.05203565 -0.9820901
vn 0.6635382 -0.4154591 -0.6221822
vn 0.8158616 -0.5782472 0
vn -0.4081614 0.9129097 0
vn -0.202104 0.6132946 -0.7635599
vn -0.05158778 0.31474 -0.947775
vn 0.07628148 0.02191997 -0.9968454
vn 0.3162111 -0.4321789 -0.8445306
vn 0.354828 -0.5625696 -0.7467346
vn 0.5151037 -0.8571279 0
vn 0.3975043 0.9176003 3.90448e-8
vn 0.9676384 0.2523411 4.229694e-8
vn 0.576991 0.5359654 -0.6162974
vn 0.9492144 0.2309386 -0.2136808
vn 0.626056 0.3141817 -0.7136831
vn 0.946355 0.2011119 -0.2529156
vn 0.7282125 0.08536144 -0.6800146
vn 0.9496334 0.1229991 -0.2882145
vn 0.6441858 -0.2825128 -0.7107821
vn 0.9728304 1.57583e-8 -0.2315191
vn 0.6016232 -0.429323 -0.6735958
vn 0.9718659 -0.09369621 -0.2160965
vn 0.1019911 -0.9947853 0
vn 0.9741017 -0.2261103 0
vn -0.6549813 0.2982417 0.6942992
vn 0.05845144 0.1243422 0.9905162
vn 0.6974429 -0.1958668 0.6893545
vn -0.718742 0.3286153 0.6127169
vn 0.2229391 0.1408037 0.96461
vn 0.8463352 -0.1263526 0.5174474
vn -0.4110237 0.5727946 0.7092009
vn 0.1810841 0.05203565 0.9820901
vn 0.6635382 -0.4154591 0.6221822
vn -0.202104 0.6132946 0.7635599
vn -0.05158778 0.31474 0.947775
vn 0.07628148 0.02191997 0.9968454
vn 0.3162111 -0.4321789 0.8445306
vn 0.354828 -0.5625696 0.7467346
vn 0.576991 0.5359654 0.6162974
vn 0.9492144 0.2309386 0.2136808
vn 0.626056 0.3141817 0.7136831
vn 0.946355 0.2011119 0.2529156
vn 0.7282125 0.08536144 0.6800146
vn 0.9496334 0.1229991 0.2882145
vn 0.6441858 -0.2825128 0.7107821
vn 0.9728304 1.57583e-8 0.2315191
vn 0.6016232 -0.429323 0.6735958
vn 0.9718659 -0.09369621 0.2160965
vn 0 1 0
vn -0.7333528 0.6798483 0
vn -0.6775296 0.6798483 -0.2806419
vn -0.5185587 0.6798483 -0.5185587
vn -0.2806419 0.6798483 -0.6775297
vn 3.205587e-8 0.6798483 -0.7333528
vn -0.8547045 -0.519115 0
vn -0.7896439 -0.519115 -0.3270812
vn -0.6043673 -0.519115 -0.6043673
vn -0.3270812 -0.519115 -0.7896439
vn 3.736032e-8 -0.519115 -0.8547045
vn -0.8911908 -0.4536287 0
vn -0.8233529 -0.4536287 -0.3410439
vn -0.630167 -0.4536288 -0.630167
vn -0.3410439 -0.4536287 -0.823353
vn 3.895519e-8 -0.4536287 -0.8911908
vn -0.7071064 0.7071071 0
vn -0.6532812 0.7071071 -0.2705979
vn -0.4999998 0.7071071 -0.4999998
vn -0.2705979 0.7071071 -0.6532812
vn 3.090861e-8 0.7071071 -0.7071064
vn 0.2806419 0.6798483 -0.6775296
vn 0.5185587 0.6798483 -0.5185587
vn 0.6775297 0.6798483 -0.2806419
vn 0.7333528 0.6798483 3.205587e-8
vn 0.3270812 -0.519115 -0.7896439
vn 0.6043673 -0.519115 -0.6043673
vn 0.7896439 -0.519115 -0.3270812
vn 0.8547045 -0.519115 3.736032e-8
vn 0.3410439 -0.4536287 -0.8233529
vn 0.630167 -0.4536288 -0.630167
vn 0.823353 -0.4536287 -0.3410439
vn 0.8911908 -0.4536287 3.895519e-8
vn 0.2705979 0.7071071 -0.6532812
vn 0.4999998 0.7071071 -0.4999998
vn 0.6532812 0.7071071 -0.2705979
vn 0.7071064 0.7071071 3.090861e-8
vn 0 0.6798483 0.7333528
vn 0.2806419 0.6798483 0.6775296
vn 0.5185587 0.6798483 0.5185587
vn 0.6775297 0.6798483 0.2806419
vn 0 -0.519115 0.8547045
vn 0.3270812 -0.519115 0.7896439
vn 0.6043673 -0.519115 0.6043673
vn 0.7896439 -0.519115 0.3270812
vn 0 -0.4536287 0.8911908
vn 0.3410439 -0.4536287 0.8233529
vn 0.630167 -0.4536288 0.630167
vn 0.823353 -0.4536287 0.3410439
vn 0 0.7071071 0.7071064
vn 0.2705979 0.7071071 0.6532812
vn 0.4999998 0.7071071 0.4999998
vn 0.6532812 0.7071071 0.2705979
vn -0.6775296 0.6798483 0.2806419
vn -0.5185587 0.6798483 0.5185587
vn -0.2806419 0.6798483 0.6775297
vn -0.7896439 -0.519115 0.3270812
vn -0.6043673 -0.519115 0.6043673
vn -0.3270812 -0.519115 0.7896439
vn -0.8233529 -0.4536287 0.3410439
vn -0.630167 -0.4536288 0.630167
vn -0.3410439 -0.4536287 0.823353
vn -0.6532812 0.7071071 0.2705979
vn -0.4999998 0.7071071 0.4999998
vn -0.2705979 0.7071071 0.6532812
vn -0.2477336 0.9688282 0
vn -0.228876 0.9688283 -0.09480356
vn -0.1751741 0.9688282 -0.1751741
vn -0.09480356 0.9688282 -0.228876
vn 1.082878e-8 0.9688282 -0.2477336
vn -0.206788 0.9783858 0
vn -0.1910472 0.9783858 -0.07913433
vn -0.1462212 0.9783858 -0.1462212
vn -0.07913433 0.9783858 -0.1910472
vn 9.038988e-9 0.9783858 -0.206788
vn -0.3563818 0.9343404 0
vn -0.3292538 0.9343404 -0.1363814
vn -0.252 0.9343404 -0.252
vn -0.1363814 0.9343404 -0.3292538
vn 1.557794e-8 0.9343404 -0.3563818
vn -1 0 0
vn -0.9238795 -9.504036e-8 -0.3826835
vn -0.7071068 -7.024468e-7 -0.7071068
vn -0.3826835 -9.504036e-8 -0.9238795
vn 4.371139e-8 0 -1
vn 0.09480356 0.9688283 -0.228876
vn 0.1751741 0.9688282 -0.1751741
vn 0.228876 0.9688282 -0.09480356
vn 0.2477336 0.9688282 1.082878e-8
vn 0.07913433 0.9783858 -0.1910472
vn 0.1462212 0.9783858 -0.1462212
vn 0.1910472 0.9783858 -0.07913433
vn 0.206788 0.9783858 9.038988e-9
vn 0.1363814 0.9343404 -0.3292538
vn 0.252 0.9343404 -0.252
vn 0.3292538 0.9343404 -0.1363814
vn 0.3563818 0.9343404 1.557794e-8
vn 0.3826835 -9.504036e-8 -0.9238795
vn 0.7071068 -7.024468e-7 -0.7071068
vn 0.9238795 -9.504036e-8 -0.3826835
vn 1 0 4.371139e-8
vn 0 0.9688282 0.2477336
vn 0.09480356 0.9688283 0.228876
vn 0.1751741 0.9688282 0.1751741
vn 0.228876 0.9688282 0.09480356
vn 0 0.9783858 0.206788
vn 0.07913433 0.9783858 0.1910472
vn 0.1462212 0.9783858 0.1462212
vn 0.1910472 0.9783858 0.07913433
vn 0 0.9343404 0.3563818
vn 0.1363814 0.9343404 0.3292538
vn 0.252 0.9343404 0.252
vn 0.3292538 0.9343404 0.1363814
vn 0 0 1
vn 0.3826835 -9.504036e-8 0.9238795
vn 0.7071068 -7.024468e-7 0.7071068
vn 0.9238795 -9.504036e-8 0.3826835
vn -0.228876 0.9688283 0.09480356
vn -0.1751741 0.9688282 0.1751741
vn -0.09480356 0.9688282 0.228876
vn -0.1910472 0.9783858 0.07913433
vn -0.1462212 0.9783858 0.1462212
vn -0.07913433 0.9783858 0.1910472
vn -0.3292538 0.9343404 0.1363814
vn -0.252 0.9343404 0.252
vn -0.1363814 0.9343404 0.3292538
vn -0.9238795 -9.504036e-8 0.3826835
vn -0.7071068 -7.024468e-7 0.7071068
vn -0.3826835 -9.504036e-8 0.9238795
vn 0.9417421 -0.3363358 0
vn 0.8700563 -0.3363354 0.3603892
vn 0.6659124 -0.3363349 0.6659124
vn 0.3603892 -0.3363352 0.8700565
vn -4.116485e-8 -0.3363358 0.9417421
vn 0.9895641 0.1440938 0
vn 0.9142379 0.1440943 0.3786897
vn 0.6997274 0.1440936 0.6997274
vn 0.3786897 0.1440943 0.9142379
vn -4.325522e-8 0.1440938 0.9895641
vn 0.03372478 0.9994312 0
vn 0.03115766 0.9994312 0.01290593
vn 0.02384706 0.9994311 0.02384706
vn 0.01290592 0.9994312 0.03115766
vn -1.474157e-9 0.9994312 0.03372478
vn -0.8340962 0.5516191 0
vn -0.7706047 0.5516186 -0.3191949
vn -0.5897951 0.5516189 -0.5897951
vn -0.3191949 0.5516186 -0.7706047
vn 3.64595e-8 0.5516191 -0.8340962
vn -0.9417424 0.3363349 0
vn -0.8700567 0.3363344 -0.3603894
vn -0.6659124 0.3363349 -0.6659124
vn -0.3603894 0.3363344 -0.8700567
vn 4.116486e-8 0.3363349 -0.9417424
vn -0.3603892 -0.3363354 0.8700563
vn -0.6659124 -0.3363349 0.6659124
vn -0.8700565 -0.3363352 0.3603892
vn -0.9417421 -0.3363358 -4.116485e-8
vn -0.3786897 0.1440943 0.9142379
vn -0.6997274 0.1440936 0.6997274
vn -0.9142379 0.1440943 0.3786897
vn -0.9895641 0.1440938 -4.325522e-8
vn -0.01290593 0.9994312 0.03115766
vn -0.02384706 0.9994311 0.02384706
vn -0.03115766 0.9994312 0.01290592
vn -0.03372478 0.9994312 -1.474157e-9
vn 0.3191949 0.5516186 -0.7706047
vn 0.5897951 0.5516189 -0.5897951
vn 0.7706047 0.5516186 -0.3191949
vn 0.8340962 0.5516191 3.64595e-8
vn 0.3603894 0.3363344 -0.8700567
vn 0.6659124 0.3363349 -0.6659124
vn 0.8700567 0.3363344 -0.3603894
vn 0.9417424 0.3363349 4.116486e-8
vn 0 -0.3363358 -0.9417421
vn -0.3603892 -0.3363354 -0.8700563
vn -0.6659124 -0.3363349 -0.6659124
vn -0.8700565 -0.3363352 -0.3603892
vn 0 0.1440938 -0.9895641
vn -0.3786897 0.1440943 -0.9142379
vn -0.6997274 0.1440936 -0.6997274
vn -0.9142379 0.1440943 -0.3786897
vn 0 0.9994312 -0.03372478
vn -0.01290593 0.9994312 -0.03115766
vn -0.02384706 0.9994311 -0.02384706
vn -0.03115766 0.9994312 -0.01290592
vn 0 0.5516191 0.8340962
vn 0.3191949 0.5516186 0.7706047
vn 0.5897951 0.5516189 0.5897951
vn 0.7706047 0.5516186 0.3191949
vn 0 0.3363349 0.9417424
vn 0.3603894 0.3363344 0.8700567
vn 0.6659124 0.3363349 0.6659124
vn 0.8700567 0.3363344 0.3603894
vn 0.8700563 -0.3363354 -0.3603892
vn 0.6659124 -0.3363349 -0.6659124
vn 0.3603892 -0.3363352 -0.8700565
vn 0.9142379 0.1440943 -0.3786897
vn 0.6997274 0.1440936 -0.6997274
vn 0.3786897 0.1440943 -0.9142379
vn 0.03115766 0.9994312 -0.01290593
vn 0.02384706 0.9994311 -0.02384706
vn 0.01290592 0.9994312 -0.03115766
vn -0.7706047 0.5516186 0.3191949
vn -0.5897951 0.5516189 0.5897951
vn -0.3191949 0.5516186 0.7706047
vn -0.8700567 0.3363344 0.3603894
vn -0.6659124 0.3363349 0.6659124
vn -0.3603894 0.3363344 0.8700567
vn -0.8827077 0.2951985 -0.3656295
vn -0.6755953 0.2951984 -0.6755953
vn -0.3656295 0.2951985 -0.8827077
vn 4.176343e-8 0.2951986 -0.9554359
vn -0.9642816 0.2648792 0
vn -0.89088 0.2648792 -0.3690146
vn -0.6818501 0.2648792 -0.6818501
vn -0.3690146 0.2648792 -0.89088
vn 4.215009e-8 0.2648792 -0.9642816
vn -0.9802428 0.1977984 0
vn -0.9056262 0.1977985 -0.3751227
vn -0.6931362 0.1977988 -0.6931362
vn -0.3751226 0.1977985 -0.9056262
vn 4.284777e-8 0.1977984 -0.9802428
vn -0.9238795 0 -0.3826835
vn -0.7071068 -4.682983e-7 -0.7071068
vn -0.3826835 -6.33603e-8 -0.9238795
vn 4.371139e-8 0 -1
vn 0.3656295 0.2951985 -0.8827077
vn 0.6755953 0.2951984 -0.6755953
vn 0.8827077 0.2951985 -0.3656295
vn 0.9554359 0.2951986 4.176343e-8
vn 0.3690146 0.2648792 -0.89088
vn 0.6818501 0.2648792 -0.6818501
vn 0.89088 0.2648792 -0.3690146
vn 0.9642816 0.2648792 4.215009e-8
vn 0.3751227 0.1977985 -0.9056262
vn 0.6931362 0.1977988 -0.6931362
vn 0.9056262 0.1977985 -0.3751226
vn 0.3826835 0 -0.9238795
vn 0.7071068 -4.682983e-7 -0.7071068
vn 0.9238795 -6.33603e-8 -0.3826835
vn 0 0.2951986 0.9554359
vn 0.3656295 0.2951985 0.8827077
vn 0.6755953 0.2951984 0.6755953
vn 0.8827077 0.2951985 0.3656295
vn 0 0.2648792 0.9642816
vn 0.3690146 0.2648792 0.89088
vn 0.6818501 0.2648792 0.6818501
vn 0.89088 0.2648792 0.3690146
vn 0 0.1977984 0.9802428
vn 0.3751227 0.1977985 0.9056262
vn 0.6931362 0.1977988 0.6931362
vn 0.9056262 0.1977985 0.3751226
vn 0 0 1
vn 0.3826835 0 0.9238795
vn 0.7071068 -4.682983e-7 0.7071068
vn 0.9238795 -6.33603e-8 0.3826835
vn -0.8827077 0.2951985 0.3656295
vn -0.6755953 0.2951984 0.6755953
vn -0.3656295 0.2951985 0.8827077
vn -0.89088 0.2648792 0.3690146
vn -0.6818501 0.2648792 0.6818501
vn -0.3690146 0.2648792 0.89088
vn -0.9056262 0.1977985 0.3751227
vn -0.6931362 0.1977988 0.6931362
vn -0.3751226 0.1977985 0.9056262
vn -0.9238795 0 0.3826835
vn -0.7071068 -4.682983e-7 0.7071068
vn -0.3826835 -6.33603e-8 0.9238795
vn -0.8630347 -0.3569014 -0.3574806
vn -0.6605382 -0.3569014 -0.6605382
vn -0.3574806 -0.3569014 -0.8630347
vn 4.083264e-8 -0.3569013 -0.9341421
vn -0.7834345 -0.6214745 0
vn -0.723799 -0.6214746 -0.2998074
vn -0.5539717 -0.6214745 -0.5539717
vn -0.2998074 -0.6214746 -0.723799
vn 3.424501e-8 -0.6214745 -0.7834345
vn -0.7218174 -0.6920835 0
vn -0.6668724 -0.6920835 -0.2762276
vn -0.510402 -0.6920835 -0.510402
vn -0.2762276 -0.6920835 -0.6668724
vn 3.155164e-8 -0.6920835 -0.7218174
vn -1 0 0
vn -0.9238796 0 -0.3826835
vn -0.7071068 0 -0.7071068
vn -0.3826834 0 -0.9238796
vn 4.371139e-8 0 -1
vn 0.3574806 -0.3569014 -0.8630347
vn 0.6605382 -0.3569014 -0.6605382
vn 0.8630347 -0.3569014 -0.3574806
vn 0.9341421 -0.3569013 4.083264e-8
vn 0.2998074 -0.6214746 -0.723799
vn 0.5539717 -0.6214745 -0.5539717
vn 0.723799 -0.6214746 -0.2998074
vn 0.7834345 -0.6214745 3.424501e-8
vn 0.2762276 -0.6920835 -0.6668724
vn 0.510402 -0.6920835 -0.510402
vn 0.6668724 -0.6920835 -0.2762276
vn 0.7218174 -0.6920835 3.155164e-8
vn 0.3826835 0 -0.9238796
vn 0.7071068 0 -0.7071068
vn 0.9238796 0 -0.3826834
vn 1 0 4.371139e-8
vn 0 -0.3569013 0.9341421
vn 0.3574806 -0.3569014 0.8630347
vn 0.6605382 -0.3569014 0.6605382
vn 0.8630347 -0.3569014 0.3574806
vn 0 -0.6214745 0.7834345
vn 0.2998074 -0.6214746 0.723799
vn 0.5539717 -0.6214745 0.5539717
vn 0.723799 -0.6214746 0.2998074
vn 0 -0.6920835 0.7218174
vn 0.2762276 -0.6920835 0.6668724
vn 0.510402 -0.6920835 0.510402
vn 0.6668724 -0.6920835 0.2762276
vn 0 0 1
vn 0.3826835 0 0.9238796
vn 0.7071068 0 0.7071068
vn 0.9238796 0 0.3826834
vn -0.8630347 -0.3569014 0.3574806
vn -0.6605382 -0.3569014 0.6605382
vn -0.3574806 -0.3569014 0.8630347
vn -0.723799 -0.6214746 0.2998074
vn -0.5539717 -0.6214745 0.5539717
vn -0.2998074 -0.6214746 0.723799
vn -0.6668724 -0.6920835 0.2762276
vn -0.510402 -0.6920835 0.510402
vn -0.2762276 -0.6920835 0.6668724
vn -0.9238796 0 0.3826835
vn -0.7071068 0 0.7071068
vn -0.3826834 0 0.9238796
vn -0.624695 -0.7808688 0
vn -0.577143 -0.7808688 -0.2390605
vn -0.4417261 -0.7808688 -0.4417261
vn -0.2390605 -0.7808688 -0.577143
vn 2.730628e-8 -0.7808688 -0.624695
vn -0.1871121 -0.9823386 0
vn -0.1728691 -0.9823386 -0.07160471
vn -0.1323082 -0.9823386 -0.1323082
vn -0.07160471 -0.9823386 -0.1728691
vn 8.17893e-9 -0.9823386 -0.1871121
vn -0.05265754 -0.9986126 0
vn -0.04864923 -0.9986126 -0.02015118
vn -0.03723451 -0.9986126 -0.03723451
vn -0.02015118 -0.9986126 -0.04864923
vn 2.301734e-9 -0.9986126 -0.05265754
vn 0 -1 0
vn 0.2390605 -0.7808688 -0.577143
vn 0.4417261 -0.7808688 -0.4417261
vn 0.577143 -0.7808688 -0.2390605
vn 0.624695 -0.7808688 2.730628e-8
vn 0.07160471 -0.9823386 -0.1728691
vn 0.1323082 -0.9823386 -0.1323082
vn 0.1728691 -0.9823386 -0.07160471
vn 0.1871121 -0.9823386 8.17893e-9
vn 0.02015118 -0.9986126 -0.04864923
vn 0.03723451 -0.9986126 -0.03723451
vn 0.04864923 -0.9986126 -0.02015118
vn 0.05265754 -0.9986126 2.301734e-9
vn 0 -0.7808688 0.624695
vn 0.2390605 -0.7808688 0.577143
vn 0.4417261 -0.7808688 0.4417261
vn 0.577143 -0.7808688 0.2390605
vn 0 -0.9823386 0.1871121
vn 0.07160471 -0.9823386 0.1728691
vn 0.1323082 -0.9823386 0.1323082
vn 0.1728691 -0.9823386 0.07160471
vn 0 -0.9986126 0.05265754
vn 0.02015118 -0.9986126 0.04864923
vn 0.03723451 -0.9986126 0.03723451
vn 0.04864923 -0.9986126 0.02015118
vn -0.577143 -0.7808688 0.2390605
vn -0.4417261 -0.7808688 0.4417261
vn -0.2390605 -0.7808688 0.577143
vn -0.1728691 -0.9823386 0.07160471
vn -0.1323082 -0.9823386 0.1323082
vn -0.07160471 -0.9823386 0.1728691
vn -0.04864923 -0.9986126 0.02015118
vn -0.03723451 -0.9986126 0.03723451
vn -0.02015118 -0.9986126 0.04864923
vn 0.6913609 -0.7225096 0
vn 0.4522088 -0.515908 0.7275617
vn -0.0965572 -0.02817474 0.9949286
vn -0.603902 0.4244976 0.6746141
vn -0.7986215 0.6018335 0
vn 0.9600551 -0.2798111 0
vn 0.7367222 -0.2676621 0.6209648
vn -0.1217542 -0.08269853 0.9891091
vn -0.8106079 0.1496657 0.5661405
vn -0.9744188 0.2247399 0
vn 0.9505106 -0.310692 0
vn 0.6393449 -0.2754641 0.717884
vn -0.03334632 -0.09088549 0.9953029
vn -0.6693541 0.1926685 0.7175262
vn -0.938337 0.3457218 0
vn 0.7071065 -0.7071071 0
vn -0.5144957 0.857493 0
vn 0.3840199 -0.9233248 0
vn 0.219183 -0.5678567 0.7934089
vn 0.1125679 -0.3468307 0.9311482
vn -0.0392992 -0.01146724 0.9991617
vn -0.2682918 0.4223169 0.8658336
vn -0.3114079 0.5385104 0.7829635
vn -0.4690086 0.8831936 0
vn -0.4082898 -0.9128524 -3.926253e-8
vn -0.9683383 -0.2496417 -4.232652e-8
vn -0.4796993 -0.5638553 0.6722766
vn -0.9605455 -0.2338872 0.1504963
vn -0.489578 -0.3815451 0.7840515
vn -0.9610173 -0.2189489 0.1688401
vn -0.6294295 -0.08273889 0.77264
vn -0.9728809 -0.1230162 0.1958823
vn -0.753252 0.2496778 0.6085002
vn -0.9873019 1.027183e-8 0.1588557
vn -0.7919073 0.3334888 0.511535
vn -0.9853938 0.08102391 0.1497805
vn -0.8409098 0.5411754 0
vn -0.9717825 0.2358786 0
vn 0.4522088 -0.515908 -0.7275617
vn -0.0965572 -0.02817474 -0.9949286
vn -0.603902 0.4244976 -0.6746141
vn 0.7367222 -0.2676621 -0.6209648
vn -0.1217542 -0.08269853 -0.9891091
vn -0.8106079 0.1496657 -0.5661405
vn 0.6393449 -0.2754641 -0.717884
vn -0.03334632 -0.09088549 -0.9953029
vn -0.6693541 0.1926685 -0.7175262
vn 0.4009005 -0.4431632 -0.8018011
vn 0 0 -1
vn -0.3664876 0.5730914 -0.7329755
vn 0.219183 -0.5678567 -0.7934089
vn 0.1125679 -0.3468307 -0.9311482
vn -0.0392992 -0.01146724 -0.9991617
vn -0.2682918 0.4223169 -0.8658336
vn -0.3114079 0.5385104 -0.7829635
vn -0.4796993 -0.5638553 -0.6722766
vn -0.9605455 -0.2338872 -0.1504963
vn -0.489578 -0.3815451 -0.7840515
vn -0.9610173 -0.2189489 -0.1688401
vn -0.6294295 -0.08273889 -0.77264
vn -0.9728809 -0.1230162 -0.1958823
vn -0.753252 0.2496778 -0.6085002
vn -0.9873019 1.027183e-8 -0.1588557
vn -0.7919073 0.3334888 -0.511535
vn -0.9853938 0.08102391 -0.1497805
vn 0 1 0
vn 0.01470997 0.9998918 0
vn 0.01359024 0.9998918 0.00562926
vn 0.01040151 0.9998918 0.01040151
vn 0.00562926 0.9998918 0.01359024
vn -6.42993e-10 0.9998918 0.01470997
vn 0.05193802 0.9986504 0
vn 0.04798447 0.9986504 0.01987582
vn 0.03672572 0.9986504 0.03672572
vn 0.01987582 0.9986504 0.04798447
vn -2.270283e-9 0.9986504 0.05193802
vn 0.1180667 0.9930056 0
vn 0.1090794 0.9930057 0.04518218
vn 0.0834858 0.9930057 0.0834858
vn 0.04518217 0.9930056 0.1090794
vn -5.160859e-9 0.9930056 0.1180667
vn 0.287348 0.9578263 0
vn 0.2654749 0.9578263 0.1099633
vn 0.2031857 0.9578263 0.2031857
vn 0.1099633 0.9578263 0.2654749
vn -1.256038e-8 0.9578263 0.287348
vn -0.00562926 0.9998918 0.01359024
vn -0.01040151 0.9998918 0.01040151
vn -0.01359024 0.9998918 0.00562926
vn -0.01470997 0.9998918 -6.42993e-10
vn -0.01987582 0.9986504 0.04798447
vn -0.03672572 0.9986504 0.03672572
vn -0.04798447 0.9986504 0.01987582
vn -0.05193802 0.9986504 -2.270283e-9
vn -0.04518218 0.9930057 0.1090794
vn -0.0834858 0.9930057 0.0834858
vn -0.1090794 0.9930056 0.04518217
vn -0.1180667 0.9930056 -5.160859e-9
vn -0.1099633 0.9578263 0.2654749
vn -0.2031857 0.9578263 0.2031857
vn -0.2654749 0.9578263 0.1099633
vn -0.287348 0.9578263 -1.256038e-8
vn 0 0.9998918 -0.01470997
vn -0.00562926 0.9998918 -0.01359024
vn -0.01040151 0.9998918 -0.01040151
vn -0.01359024 0.9998918 -0.00562926
vn 0 0.9986504 -0.05193802
vn -0.01987582 0.9986504 -0.04798447
vn -0.03672572 0.9986504 -0.03672572
vn -0.04798447 0.9986504 -0.01987582
vn 0 0.9930056 -0.1180667
vn -0.04518218 0.9930057 -0.1090794
vn -0.0834858 0.9930057 -0.0834858
vn -0.1090794 0.9930056 -0.04518217
vn 0 0.9578263 -0.287348
vn -0.1099633 0.9578263 -0.2654749
vn -0.2031857 0.9578263 -0.2031857
vn -0.2654749 0.9578263 -0.1099633
vn 0.01359024 0.9998918 -0.00562926
vn 0.01040151 0.9998918 -0.01040151
vn 0.00562926 0.9998918 -0.01359024
vn 0.04798447 0.9986504 -0.01987582
vn 0.03672572 0.9986504 -0.03672572
vn 0.01987582 0.9986504 -0.04798447
vn 0.1090794 0.9930057 -0.04518218
vn 0.0834858 0.9930057 -0.0834858
vn 0.04518217 0.9930056 -0.1090794
vn 0.2654749 0.9578263 -0.1099633
vn 0.2031857 0.9578263 -0.2031857
vn 0.1099633 0.9578263 -0.2654749
vn 0.5021242 0.8647955 0
vn 0.4639022 0.8647955 0.1921546
vn 0.3550554 0.8647956 0.3550554
vn 0.1921546 0.8647956 0.4639023
vn -2.194855e-8 0.8647955 0.5021242
vn 0.7087978 0.7054118 0
vn 0.6548436 0.7054118 0.2712452
vn 0.5011956 0.7054119 0.5011956
vn 0.2712451 0.7054118 0.6548436
vn -3.098253e-8 0.7054118 0.7087978
vn 0.9145796 0.4044059 0
vn 0.8449614 0.4044059 0.3499945
vn 0.6467054 0.4044058 0.6467054
vn 0.3499945 0.4044059 0.8449614
vn -3.997755e-8 0.4044059 0.9145796
vn 1 0 0
vn 0.9238795 0 0.3826834
vn 0.7071068 0 0.7071068
vn 0.3826834 0 0.9238795
vn -4.371139e-8 0 1
vn -0.1921546 0.8647955 0.4639022
vn -0.3550554 0.8647956 0.3550554
vn -0.4639023 0.8647956 0.1921546
vn -0.5021242 0.8647955 -2.194855e-8
vn -0.2712452 0.7054118 0.6548436
vn -0.5011956 0.7054119 0.5011956
vn -0.6548436 0.7054118 0.2712451
vn -0.7087978 0.7054118 -3.098253e-8
vn -0.3499945 0.4044059 0.8449614
vn -0.6467054 0.4044058 0.6467054
vn -0.8449614 0.4044059 0.3499945
vn -0.9145796 0.4044059 -3.997755e-8
vn -0.3826834 0 0.9238795
vn -0.7071068 0 0.7071068
vn -0.9238795 0 0.3826834
vn 0 0.8647955 -0.5021242
vn -0.1921546 0.8647955 -0.4639022
vn -0.3550554 0.8647956 -0.3550554
vn -0.4639023 0.8647956 -0.1921546
vn 0 0.7054118 -0.7087978
vn -0.2712452 0.7054118 -0.6548436
vn -0.5011956 0.7054119 -0.5011956
vn -0.6548436 0.7054118 -0.2712451
vn 0 0.4044059 -0.9145796
vn -0.3499945 0.4044059 -0.8449614
vn -0.6467054 0.4044058 -0.6467054
vn -0.8449614 0.4044059 -0.3499945
vn 0 0 -1
vn -0.3826834 0 -0.9238795
vn -0.7071068 0 -0.7071068
vn -0.9238795 0 -0.3826834
vn 0.4639022 0.8647955 -0.1921546
vn 0.3550554 0.8647956 -0.3550554
vn 0.1921546 0.8647956 -0.4639023
vn 0.6548436 0.7054118 -0.2712452
vn 0.5011956 0.7054119 -0.5011956
vn 0.2712451 0.7054118 -0.6548436
vn 0.8449614 0.4044059 -0.3499945
vn 0.6467054 0.4044058 -0.6467054
vn 0.3499945 0.4044059 -0.8449614
vn 0.9238795 0 -0.3826834
vn 0.7071068 0 -0.7071068
vn 0.3826834 0 -0.9238795
vn 0.9766164 -0.2149892 0
vn 0.9022758 -0.2149897 0.3737349
vn 0.6905721 -0.2149894 0.6905721
vn 0.3737349 -0.21499 0.9022757
vn -4.268925e-8 -0.2149892 0.9766164
vn 0.9647785 -0.2630636 0
vn 0.891339 -0.2630641 0.3692048
vn 0.6822014 -0.2630638 0.6822014
vn 0.3692047 -0.2630643 0.891339
vn -4.217181e-8 -0.2630636 0.9647785
vn 0.9672284 -0.2539083 0
vn 0.8936025 -0.2539079 0.3701424
vn 0.6839337 -0.2539082 0.6839337
vn 0.3701423 -0.2539075 0.8936026
vn -4.227889e-8 -0.2539083 0.9672284
vn 0.9486832 -0.3162279 0
vn 0.8764691 -0.3162278 0.3630454
vn 0.6708204 -0.3162281 0.6708204
vn 0.3630454 -0.3162278 0.8764691
vn -4.146826e-8 -0.3162279 0.9486832
vn -0.3737349 -0.2149897 0.9022758
vn -0.6905721 -0.2149894 0.6905721
vn -0.9022757 -0.21499 0.3737349
vn -0.3692048 -0.2630641 0.891339
vn -0.6822014 -0.2630638 0.6822014
vn -0.891339 -0.2630643 0.3692047
vn -0.9647785 -0.2630636 -4.217181e-8
vn -0.3701424 -0.2539079 0.8936025
vn -0.6839337 -0.2539082 0.6839337
vn -0.8936026 -0.2539075 0.3701423
vn -0.9672284 -0.2539083 -4.227889e-8
vn -0.3630454 -0.3162278 0.8764691
vn -0.6708204 -0.3162281 0.6708204
vn -0.8764691 -0.3162278 0.3630454
vn -0.9486832 -0.3162279 -4.146826e-8
vn 0 -0.2149892 -0.9766164
vn -0.3737349 -0.2149897 -0.9022758
vn -0.6905721 -0.2149894 -0.6905721
vn -0.9022757 -0.21499 -0.3737349
vn 0 -0.2630636 -0.9647785
vn -0.3692048 -0.2630641 -0.891339
vn -0.6822014 -0.2630638 -0.6822014
vn -0.891339 -0.2630643 -0.3692047
vn 0 -0.2539083 -0.9672284
vn -0.3701424 -0.2539079 -0.8936025
vn -0.6839337 -0.2539082 -0.6839337
vn -0.8936026 -0.2539075 -0.3701423
vn 0 -0.3162279 -0.9486832
vn -0.3630454 -0.3162278 -0.8764691
vn -0.6708204 -0.3162281 -0.6708204
vn -0.8764691 -0.3162278 -0.3630454
vn 0.9022758 -0.2149897 -0.3737349
vn 0.6905721 -0.2149894 -0.6905721
vn 0.3737349 -0.21499 -0.9022757
vn 0.891339 -0.2630641 -0.3692048
vn 0.6822014 -0.2630638 -0.6822014
vn 0.3692047 -0.2630643 -0.891339
vn 0.8936025 -0.2539079 -0.3701424
vn 0.6839337 -0.2539082 -0.6839337
vn 0.3701423 -0.2539075 -0.8936026
vn 0.8764691 -0.3162278 -0.3630454
vn 0.6708204 -0.3162281 -0.6708204
vn 0.3630454 -0.3162278 -0.8764691
vn 0.7208371 -0.6931046 0
vn 0.6659663 -0.6931048 0.2758523
vn 0.5097088 -0.6931045 0.5097088
vn 0.2758522 -0.693105 0.6659662
vn -3.150879e-8 -0.6931046 0.7208371
vn 0.2399332 -0.9707894 0
vn 0.2216697 -0.9707893 0.09181862
vn 0.1696583 -0.9707894 0.1696583
vn 0.09181864 -0.9707893 0.2216698
vn -1.048781e-8 -0.9707894 0.2399332
vn 0.2477026 -0.9688361 0
vn 0.2288481 -0.9688359 0.09479199
vn 0.1751522 -0.9688361 0.1751522
vn 0.09479202 -0.9688359 0.2288482
vn -1.082743e-8 -0.9688361 0.2477026
vn 1 0 0
vn 0.9238796 -2.376019e-7 0.3826835
vn 0.7071068 0 0.7071068
vn 0.3826835 -2.376019e-7 0.9238796
vn -4.371139e-8 0 1
vn -0.2758523 -0.6931048 0.6659663
vn -0.5097088 -0.6931045 0.5097088
vn -0.6659662 -0.693105 0.2758522
vn -0.7208371 -0.6931046 -3.150879e-8
vn -0.09181862 -0.9707893 0.2216697
vn -0.1696583 -0.9707894 0.1696583
vn -0.2216698 -0.9707893 0.09181864
vn -0.2399332 -0.9707894 -1.048781e-8
vn -0.09479199 -0.9688359 0.2288481
vn -0.1751522 -0.9688361 0.1751522
vn -0.2288482 -0.9688359 0.09479202
vn -0.2477026 -0.9688361 -1.082743e-8
vn -0.3826835 -2.376019e-7 0.9238796
vn -0.7071068 0 0.7071068
vn -0.9238796 -2.376019e-7 0.3826835
vn -1 0 -4.371139e-8
vn 0 -0.6931046 -0.7208371
vn -0.2758523 -0.6931048 -0.6659663
vn -0.5097088 -0.6931045 -0.5097088
vn -0.6659662 -0.693105 -0.2758522
vn 0 -0.9707894 -0.2399332
vn -0.09181862 -0.9707893 -0.2216697
vn -0.1696583 -0.9707894 -0.1696583
vn -0.2216698 -0.9707893 -0.09181864
vn 0 -0.9688361 -0.2477026
vn -0.09479199 -0.9688359 -0.2288481
vn -0.1751522 -0.9688361 -0.1751522
vn -0.2288482 -0.9688359 -0.09479202
vn 0 0 -1
vn -0.3826835 -2.376019e-7 -0.9238796
vn -0.7071068 0 -0.7071068
vn -0.9238796 -2.376019e-7 -0.3826835
vn 0.6659663 -0.6931048 -0.2758523
vn 0.5097088 -0.6931045 -0.5097088
vn 0.2758522 -0.693105 -0.6659662
vn 0.2216697 -0.9707893 -0.09181862
vn 0.1696583 -0.9707894 -0.1696583
vn 0.09181864 -0.9707893 -0.2216698
vn 0.2288481 -0.9688359 -0.09479199
vn 0.1751522 -0.9688361 -0.1751522
vn 0.09479202 -0.9688359 -0.2288482
vn 0.9238796 -2.376019e-7 -0.3826835
vn 0.7071068 0 -0.7071068
vn 0.3826835 -2.376019e-7 -0.9238796
vn 0.6683862 0.7438145 0
vn 0.6175082 0.7438145 0.2557803
vn 0.4726204 0.7438145 0.4726204
vn 0.2557803 0.7438145 0.6175082
vn -2.921608e-8 0.7438145 0.6683862
vn 0.2702571 0.9627882 0
vn 0.249685 0.9627882 0.1034229
vn 0.1911006 0.9627882 0.1911006
vn 0.1034229 0.9627881 0.249685
vn -1.181331e-8 0.9627882 0.2702571
vn 0.05620033 0.9984195 0
vn 0.05192233 0.9984195 0.02150694
vn 0.03973962 0.9984195 0.03973962
vn 0.02150694 0.9984195 0.05192233
vn -2.456594e-9 0.9984195 0.05620033
vn -0.000003973647 1 0
vn -0.000003671172 1 -0.00000152065
vn -0.000002809794 1 -0.000002809794
vn -0.00000152065 1 -0.000003671174
vn 1.736936e-13 1 -0.000003973647
vn -0.2557803 0.7438145 0.6175082
vn -0.4726204 0.7438145 0.4726204
vn -0.6175082 0.7438145 0.2557803
vn -0.6683862 0.7438145 -2.921608e-8
vn -0.1034229 0.9627882 0.249685
vn -0.1911006 0.9627882 0.1911006
vn -0.249685 0.9627881 0.1034229
vn -0.2702571 0.9627882 -1.181331e-8
vn -0.02150694 0.9984195 0.05192233
vn -0.03973962 0.9984195 0.03973962
vn -0.05192233 0.9984195 0.02150694
vn -0.05620033 0.9984195 -2.456594e-9
vn 0.00000152065 1 -0.000003671172
vn 0.000002809794 1 -0.000002809794
vn 0.000003671174 1 -0.00000152065
vn 0.000003973647 1 1.736936e-13
vn 0 0.7438145 -0.6683862
vn -0.2557803 0.7438145 -0.6175082
vn -0.4726204 0.7438145 -0.4726204
vn -0.6175082 0.7438145 -0.2557803
vn 0 0.9627882 -0.2702571
vn -0.1034229 0.9627882 -0.249685
vn -0.1911006 0.9627882 -0.1911006
vn -0.249685 0.9627881 -0.1034229
vn 0 0.9984195 -0.05620033
vn -0.02150694 0.9984195 -0.05192233
vn -0.03973962 0.9984195 -0.03973962
vn -0.05192233 0.9984195 -0.02150694
vn 0 1 0.000003973647
vn 0.00000152065 1 0.000003671172
vn 0.000002809794 1 0.000002809794
vn 0.000003671174 1 0.00000152065
vn 0.6175082 0.7438145 -0.2557803
vn 0.4726204 0.7438145 -0.4726204
vn 0.2557803 0.7438145 -0.6175082
vn 0.249685 0.9627882 -0.1034229
vn 0.1911006 0.9627882 -0.1911006
vn 0.1034229 0.9627881 -0.249685
vn 0.05192233 0.9984195 -0.02150694
vn 0.03973962 0.9984195 -0.03973962
vn 0.02150694 0.9984195 -0.05192233
vn -0.000003671172 1 0.00000152065
vn -0.000002809794 1 0.000002809794
vn -0.00000152065 1 0.000003671174
vn 0.000002649098 -1 0
vn 0.000002447444 -1 0.000001013765
vn 0.000001873194 -1 0.000001873194
vn 0.000001013765 -1 0.000002447444
vn -1.157957e-13 -1 0.000002649098
vn -0.4788521 -0.8778956 0
vn -0.4424014 -0.8778958 -0.1832487
vn -0.3385995 -0.8778957 -0.3385995
vn -0.1832487 -0.8778958 -0.4424014
vn 2.093129e-8 -0.8778956 -0.4788521
vn -0.8944275 -0.4472128 0
vn -0.8263436 -0.4472122 -0.3422828
vn -0.6324558 -0.4472128 -0.6324558
vn -0.3422827 -0.4472123 -0.8263435
vn 3.909667e-8 -0.4472128 -0.8944275
vn -0.8944279 -0.4472123 0
vn -0.8263437 -0.447212 -0.3422828
vn -0.6324562 -0.4472117 -0.6324562
vn -0.3422828 -0.447212 -0.8263437
vn 3.909669e-8 -0.4472123 -0.8944279
vn 0 -1 0
vn 0 -1 0
vn 0 -1 0
vn 0 -1 0
vn 0 -1 0
vn -0.000001013765 -1 0.000002447444
vn -0.000001873194 -1 0.000001873194
vn -0.000002447444 -1 0.000001013765
vn -0.000002649098 -1 -1.157957e-13
vn 0.1832487 -0.8778958 -0.4424014
vn 0.3385995 -0.8778957 -0.3385995
vn 0.4424014 -0.8778958 -0.1832487
vn 0.4788521 -0.8778956 2.093129e-8
vn 0.3422828 -0.4472122 -0.8263436
vn 0.6324558 -0.4472128 -0.6324558
vn 0.8263435 -0.4472123 -0.3422827
vn 0.8944275 -0.4472128 3.909667e-8
vn 0.3422828 -0.447212 -0.8263437
vn 0.6324562 -0.4472117 -0.6324562
vn 0.8263437 -0.447212 -0.3422828
vn 0.8944279 -0.4472123 3.909669e-8
vn 0 -1 0
vn 0 -1 0
vn 0 -1 0
vn 0 -1 0
vn 0 -1 -0.000002649098
vn -0.000001013765 -1 -0.000002447444
vn -0.000001873194 -1 -0.000001873194
vn -0.000002447444 -1 -0.000001013765
vn 0 -0.8778956 0.4788521
vn 0.1832487 -0.8778958 0.4424014
vn 0.3385995 -0.8778957 0.3385995
vn 0.4424014 -0.8778958 0.1832487
vn 0 -0.4472128 0.8944275
vn 0.3422828 -0.4472122 0.8263436
vn 0.6324558 -0.4472128 0.6324558
vn 0.8263435 -0.4472123 0.3422827
vn 0 -0.4472123 0.8944279
vn 0.3422828 -0.447212 0.8263437
vn 0.6324562 -0.4472117 0.6324562
vn 0.8263437 -0.447212 0.3422828
vn 0 -1 0
vn 0 -1 0
vn 0 -1 0
vn 0 -1 0
vn 0.000002447444 -1 -0.000001013765
vn 0.000001873194 -1 -0.000001873194
vn 0.000001013765 -1 -0.000002447444
vn -0.4424014 -0.8778958 0.1832487
vn -0.3385995 -0.8778957 0.3385995
vn -0.1832487 -0.8778958 0.4424014
vn -0.8263436 -0.4472122 0.3422828
vn -0.6324558 -0.4472128 0.6324558
vn -0.3422827 -0.4472123 0.8263435
vn -0.8263437 -0.447212 0.3422828
vn -0.6324562 -0.4472117 0.6324562
vn -0.3422828 -0.447212 0.8263437
vn 0 -1 0
vn 0 -1 0
vn 0 -1 0
vn 0.9077931 -0.4194181 0
vn 0.8386917 -0.4194178 0.3473975
vn 0.6419069 -0.4194174 0.6419069
vn 0.3473976 -0.4194173 0.8386919
vn -3.96809e-8 -0.4194181 0.9077931
vn 0.8670667 -0.498192 0
vn 0.8010656 -0.4981914 0.3318122
vn 0.6131088 -0.4981921 0.6131088
vn 0.3318123 -0.498191 0.8010658
vn -3.790069e-8 -0.498192 0.8670667
vn 0.4778045 -0.8784662 0
vn 0.4414339 -0.8784662 0.1828479
vn 0.3378587 -0.8784662 0.3378587
vn 0.1828477 -0.8784664 0.4414334
vn -2.08855e-8 -0.8784662 0.4778045
vn 0.1961157 -0.9805808 0
vn 0.1811872 -0.9805808 0.07505019
vn 0.1386747 -0.9805808 0.1386747
vn 0.07505018 -0.9805808 0.1811872
vn -8.572488e-9 -0.9805808 0.1961157
vn -0.3473975 -0.4194178 0.8386917
vn -0.6419069 -0.4194174 0.6419069
vn -0.8386919 -0.4194173 0.3473976
vn -0.9077931 -0.4194181 -3.96809e-8
vn -0.3318122 -0.4981914 0.8010656
vn -0.6131088 -0.4981921 0.6131088
vn -0.8010658 -0.498191 0.3318123
vn -0.8670667 -0.498192 -3.790069e-8
vn -0.1828479 -0.8784662 0.4414339
vn -0.3378587 -0.8784662 0.3378587
vn -0.4414334 -0.8784664 0.1828477
vn -0.4778045 -0.8784662 -2.08855e-8
vn -0.07505019 -0.9805808 0.1811872
vn -0.1386747 -0.9805808 0.1386747
vn -0.1811872 -0.9805808 0.07505018
vn -0.1961157 -0.9805808 -8.572488e-9
vn 0 -0.4194181 -0.9077931
vn -0.3473975 -0.4194178 -0.8386917
vn -0.6419069 -0.4194174 -0.6419069
vn -0.8386919 -0.4194173 -0.3473976
vn 0 -0.498192 -0.8670667
vn -0.3318122 -0.4981914 -0.8010656
vn -0.6131088 -0.4981921 -0.6131088
vn -0.8010658 -0.498191 -0.3318123
vn 0 -0.8784662 -0.4778045
vn -0.1828479 -0.8784662 -0.4414339
vn -0.3378587 -0.8784662 -0.3378587
vn -0.4414334 -0.8784664 -0.1828477
vn 0 -0.9805808 -0.1961157
vn -0.07505019 -0.9805808 -0.1811872
vn -0.1386747 -0.9805808 -0.1386747
vn -0.1811872 -0.9805808 -0.07505018
vn 0.8386917 -0.4194178 -0.3473975
vn 0.6419069 -0.4194174 -0.6419069
vn 0.3473976 -0.4194173 -0.8386919
vn 0.8010656 -0.4981914 -0.3318122
vn 0.6131088 -0.4981921 -0.6131088
vn 0.3318123 -0.498191 -0.8010658
vn 0.4414339 -0.8784662 -0.1828479
vn 0.3378587 -0.8784662 -0.3378587
vn 0.1828477 -0.8784664 -0.4414334
vn 0.1811872 -0.9805808 -0.07505019
vn 0.1386747 -0.9805808 -0.1386747
vn 0.07505018 -0.9805808 -0.1811872
vn 0.1775591 -0.9841101 0
vn 0.1640432 -0.9841101 0.06794894
vn 0.1255532 -0.9841101 0.1255532
vn 0.06794905 -0.9841101 0.1640435
vn -7.761355e-9 -0.9841101 0.1775591
vn 0.1704032 -0.9853744 0
vn 0.157432 -0.9853744 0.0652105
vn 0.1204933 -0.9853744 0.1204933
vn 0.06521045 -0.9853745 0.1574319
vn -7.448562e-9 -0.9853744 0.1704032
vn 0.0992868 -0.9950588 0
vn 0.09172904 -0.9950588 0.03799542
vn 0.07020637 -0.9950588 0.07020637
vn 0.03799535 -0.9950589 0.0917289
vn -4.339964e-9 -0.9950588 0.0992868
vn -8.830318e-7 -1 0
vn -0.06794894 -0.9841101 0.1640432
vn -0.1255532 -0.9841101 0.1255532
vn -0.1640435 -0.9841101 0.06794905
vn -0.1775591 -0.9841101 -7.761355e-9
vn -0.0652105 -0.9853744 0.157432
vn -0.1204933 -0.9853744 0.1204933
vn -0.1574319 -0.9853745 0.06521045
vn -0.1704032 -0.9853744 -7.448562e-9
vn -0.03799542 -0.9950588 0.09172904
vn -0.07020637 -0.9950588 0.07020637
vn -0.0917289 -0.9950589 0.03799535
vn -0.0992868 -0.9950588 -4.339964e-9
vn 0 -0.9841101 -0.1775591
vn -0.06794894 -0.9841101 -0.1640432
vn -0.1255532 -0.9841101 -0.1255532
vn -0.1640435 -0.9841101 -0.06794905
vn 0 -0.9853744 -0.1704032
vn -0.0652105 -0.9853744 -0.157432
vn -0.1204933 -0.9853744 -0.1204933
vn -0.1574319 -0.9853745 -0.06521045
vn 0 -0.9950588 -0.0992868
vn -0.03799542 -0.9950588 -0.09172904
vn -0.07020637 -0.9950588 -0.07020637
vn -0.0917289 -0.9950589 -0.03799535
vn 0.1640432 -0.9841101 -0.06794894
vn 0.1255532 -0.9841101 -0.1255532
vn 0.06794905 -0.9841101 -0.1640435
vn 0.157432 -0.9853744 -0.0652105
vn 0.1204933 -0.9853744 -0.1204933
vn 0.06521045 -0.9853745 -0.1574319
vn 0.09172904 -0.9950588 -0.03799542
vn 0.07020637 -0.9950588 -0.07020637
vn 0.03799535 -0.9950589 -0.0917289

vt 0.125 0.7103795
vt 0.1542969 0.7101035
vt 0.1835938 0.709375
vt 0.2128906 0.7084142
vt 0.2421875 0.7078683
vt 0.125 0.6785715
vt 0.1542969 0.6780809
vt 0.1835938 0.6767857
vt 0.2128906 0.6750777
vt 0.2421875 0.6741071
vt 0.125 0.6512277
vt 0.1542969 0.6507677
vt 0.1835938 0.6495535
vt 0.2128906 0.6479523
vt 0.2421875 0.6470424
vt 0.125 0.625
vt 0.1542969 0.625
vt 0.1835938 0.625
vt 0.2128906 0.625
vt 0.2421875 0.625
vt 0.125 0.7421412
vt 0.1542969 0.7440425
vt 0.1835938 0.7420698
vt 0.2023898 0.7383322
vt 0.2128906 0.7365346
vt 0.2421875 0.7308398
vt 0.125 0.7451507
vt 0.125 0.7481602
vt 0.1542969 0.747052
vt 0.1542969 0.7500614
vt 0.1835938 0.7450793
vt 0.1835938 0.7480888
vt 0.2023898 0.7413416
vt 0.2023898 0.7443511
vt 0.2128906 0.739544
vt 0.2128906 0.7425535
vt 0.2421875 0.7338493
vt 0.2421875 0.7368588
vt 0.09570313 0.7101035
vt 0.06640625 0.709375
vt 0.03710938 0.7084142
vt 0.0078125 0.7078683
vt 0.09570313 0.6780809
vt 0.06640625 0.6767857
vt 0.03710938 0.6750777
vt 0.0078125 0.6741071
vt 0.09570313 0.6507677
vt 0.06640625 0.6495535
vt 0.03710938 0.6479523
vt 0.0078125 0.6470424
vt 0.09570313 0.625
vt 0.06640625 0.625
vt 0.03710938 0.625
vt 0.0078125 0.625
vt 0.09570313 0.7440425
vt 0.06640625 0.7420698
vt 0.04761021 0.7383322
vt 0.03710938 0.7365346
vt 0.0078125 0.7308398
vt 0.09570313 0.747052
vt 0.09570313 0.7500614
vt 0.06640625 0.7450793
vt 0.06640625 0.7480888
vt 0.04761021 0.7413416
vt 0.04761021 0.7443511
vt 0.03710938 0.739544
vt 0.03710938 0.7425535
vt 0.0078125 0.7338493
vt 0.0078125 0.7368588
vt 0.125 0.5997224
vt 0.1542969 0.600145
vt 0.1835938 0.6012453
vt 0.2128906 0.6026488
vt 0.2421875 0.6034176
vt 0.125 0.5725051
vt 0.1542969 0.5728054
vt 0.1835938 0.5735685
vt 0.2128906 0.5745119
vt 0.2421875 0.575018
vt 0.125 0.5424727
vt 0.1542969 0.5425006
vt 0.1835938 0.5425449
vt 0.2128906 0.5425565
vt 0.2421875 0.5425469
vt 0.2421875 0.5233077
vt 0.2128906 0.5247668
vt 0.1992222 0.5233492
vt 0.1835938 0.5187076
vt 0.1542969 0.5145165
vt 0.1420336 0.5147877
vt 0.125 0.5144575
vt 0.2421875 0.5199414
vt 0.2421875 0.5165752
vt 0.2128906 0.5214006
vt 0.2128906 0.5180343
vt 0.1992222 0.519983
vt 0.1992222 0.5166168
vt 0.1835938 0.5153413
vt 0.1835938 0.5119751
vt 0.1542969 0.5111502
vt 0.1542969 0.507784
vt 0.1420336 0.5114215
vt 0.1420336 0.5080553
vt 0.125 0.5110913
vt 0.125 0.5077251
vt 0.09570313 0.600145
vt 0.06640625 0.6012453
vt 0.03710938 0.6026488
vt 0.0078125 0.6034176
vt 0.09570313 0.5728054
vt 0.06640625 0.5735685
vt 0.03710938 0.5745119
vt 0.0078125 0.575018
vt 0.09570313 0.5425006
vt 0.06640625 0.5425449
vt 0.03710938 0.5425565
vt 0.0078125 0.5425469
vt 0.0078125 0.5233077
vt 0.03710938 0.5247668
vt 0.05077779 0.5233492
vt 0.06640625 0.5187076
vt 0.09570313 0.5145165
vt 0.1079664 0.5147877
vt 0.0078125 0.5199414
vt 0.0078125 0.5165752
vt 0.03710938 0.5214006
vt 0.03710938 0.5180343
vt 0.05077779 0.519983
vt 0.05077779 0.5166168
vt 0.06640625 0.5153413
vt 0.06640625 0.5119751
vt 0.09570313 0.5111502
vt 0.09570313 0.507784
vt 0.1079664 0.5114215
vt 0.1079664 0.5080553
vt 0.75 0.75
vt 0.78125 0.75
vt 0.8125 0.75
vt 0.84375 0.75
vt 0.875 0.75
vt 0.75 0.7402446
vt 0.78125 0.7398977
vt 0.8125 0.7393218
vt 0.84375 0.7390365
vt 0.875 0.7389574
vt 0.75 0.73125
vt 0.78125 0.7310629
vt 0.8125 0.73075
vt 0.84375 0.7305504
vt 0.875 0.7304851
vt 0.75 0.7222553
vt 0.78125 0.7223217
vt 0.8125 0.7224281
vt 0.84375 0.7224141
vt 0.875 0.7223953
vt 0.75 0.7125
vt 0.78125 0.7125
vt 0.8125 0.7125
vt 0.84375 0.7125
vt 0.875 0.7125
vt 1 0.75
vt 0.96875 0.75
vt 0.9375 0.75
vt 0.90625 0.75
vt 1 0.7402446
vt 0.96875 0.7398977
vt 0.9375 0.7393218
vt 0.90625 0.7390365
vt 1 0.73125
vt 0.96875 0.7310629
vt 0.9375 0.73075
vt 0.90625 0.7305504
vt 1 0.7222553
vt 0.96875 0.7223217
vt 0.9375 0.7224281
vt 0.90625 0.7224141
vt 1 0.7125
vt 0.96875 0.7125
vt 0.9375 0.7125
vt 0.90625 0.7125
vt 0.75 0.6707776
vt 0.78125 0.6704919
vt 0.8125 0.6698024
vt 0.84375 0.6691879
vt 0.875 0.6689352
vt 0.75 0.6202597
vt 0.78125 0.6194195
vt 0.8125 0.6181253
vt 0.84375 0.617254
vt 0.875 0.6169496
vt 0.75 0.5643972
vt 0.78125 0.5634225
vt 0.8125 0.5621707
vt 0.84375 0.5614782
vt 0.875 0.5612743
vt 0.75 0.5405741
vt 0.78125 0.5317211
vt 0.7981094 0.5318286
vt 0.8125 0.5299304
vt 0.8359873 0.530579
vt 0.84375 0.5288091
vt 0.875 0.5310446
vt 0.75 0.5322776
vt 0.75 0.5239812
vt 0.78125 0.5234246
vt 0.78125 0.5151282
vt 0.7981094 0.5235322
vt 0.7981094 0.5152358
vt 0.8125 0.521634
vt 0.8125 0.5133376
vt 0.8359873 0.5222826
vt 0.8359873 0.5139862
vt 0.84375 0.5205127
vt 0.84375 0.5122163
vt 0.875 0.5227482
vt 0.875 0.5144517
vt 1 0.6707776
vt 0.96875 0.6704919
vt 0.9375 0.6698024
vt 0.90625 0.6691879
vt 1 0.6202597
vt 0.96875 0.6194195
vt 0.9375 0.6181253
vt 0.90625 0.617254
vt 1 0.5643972
vt 0.96875 0.5634225
vt 0.9375 0.5621707
vt 0.90625 0.5614782
vt 1 0.5405741
vt 0.96875 0.5317211
vt 0.9518906 0.5318286
vt 0.9375 0.5299304
vt 0.9140127 0.530579
vt 0.90625 0.5288091
vt 1 0.5322776
vt 1 0.5239812
vt 0.96875 0.5234246
vt 0.96875 0.5151282
vt 0.9518906 0.5235322
vt 0.9518906 0.5152358
vt 0.9375 0.521634
vt 0.9375 0.5133376
vt 0.9140127 0.5222826
vt 0.9140127 0.5139862
vt 0.90625 0.5205127
vt 0.90625 0.5122163
vt 0.375 0.625
vt 0.375 0.5890441
vt 0.3887597 0.591781
vt 0.4004247 0.5995753
vt 0.408219 0.6112403
vt 0.4109559 0.625
vt 0.375 0.5549123
vt 0.4018214 0.5602474
vt 0.4245595 0.5754405
vt 0.4397526 0.5981786
vt 0.4450877 0.625
vt 0.375 0.5265275
vt 0.4126838 0.5340233
vt 0.4446306 0.5553694
vt 0.4659767 0.5873162
vt 0.4734725 0.625
vt 0.375 0.5078125
vt 0.4198457 0.5167329
vt 0.4578641 0.542136
vt 0.4832671 0.5801543
vt 0.4921875 0.625
vt 0.408219 0.6387597
vt 0.4004247 0.6504247
vt 0.3887597 0.658219
vt 0.375 0.6609559
vt 0.4397526 0.6518214
vt 0.4245595 0.6745595
vt 0.4018214 0.6897526
vt 0.375 0.6950877
vt 0.4659767 0.6626838
vt 0.4446306 0.6946306
vt 0.4126838 0.7159767
vt 0.375 0.7234725
vt 0.4832671 0.6698457
vt 0.457864 0.7078641
vt 0.4198457 0.7332672
vt 0.375 0.7421875
vt 0.3390441 0.625
vt 0.341781 0.6387597
vt 0.3495753 0.6504247
vt 0.3612403 0.658219
vt 0.3049123 0.625
vt 0.3102474 0.6518214
vt 0.3254405 0.6745595
vt 0.3481786 0.6897526
vt 0.2765275 0.625
vt 0.2840233 0.6626838
vt 0.3053694 0.6946306
vt 0.3373162 0.7159767
vt 0.2578125 0.625
vt 0.2667329 0.6698457
vt 0.292136 0.7078641
vt 0.3301543 0.7332672
vt 0.3612403 0.591781
vt 0.3495753 0.5995753
vt 0.341781 0.6112403
vt 0.3481786 0.5602474
vt 0.3254405 0.5754405
vt 0.3102474 0.5981786
vt 0.3373162 0.5340233
vt 0.3053694 0.5553694
vt 0.2840233 0.5873162
vt 0.3301543 0.5167329
vt 0.2921359 0.542136
vt 0.2667329 0.5801543
vt 0.625 0.6069711
vt 0.6318994 0.6083435
vt 0.6377483 0.6122516
vt 0.6416565 0.6181006
vt 0.6430289 0.625
vt 0.625 0.584938
vt 0.640331 0.5879875
vt 0.6533281 0.5966719
vt 0.6620124 0.609669
vt 0.665062 0.625
vt 0.625 0.5551642
vt 0.651725 0.5604801
vt 0.6743814 0.5756186
vt 0.6895199 0.598275
vt 0.6948358 0.625
vt 0.625 0.5265042
vt 0.6626927 0.5340017
vt 0.6946471 0.5553529
vt 0.7159983 0.5873073
vt 0.7234958 0.625
vt 0.625 0.5078125
vt 0.6698457 0.5167329
vt 0.707864 0.542136
vt 0.7332671 0.5801543
vt 0.7421875 0.625
vt 0.6416565 0.6318994
vt 0.6377483 0.6377484
vt 0.6318994 0.6416565
vt 0.625 0.6430289
vt 0.6620124 0.640331
vt 0.6533281 0.6533281
vt 0.640331 0.6620125
vt 0.625 0.665062
vt 0.6895199 0.651725
vt 0.6743814 0.6743814
vt 0.651725 0.6895199
vt 0.625 0.6948358
vt 0.7159983 0.6626927
vt 0.6946471 0.6946471
vt 0.6626927 0.7159983
vt 0.625 0.7234958
vt 0.7332671 0.6698457
vt 0.707864 0.7078641
vt 0.6698457 0.7332672
vt 0.625 0.7421875
vt 0.6069711 0.625
vt 0.6083435 0.6318994
vt 0.6122517 0.6377484
vt 0.6181006 0.6416565
vt 0.584938 0.625
vt 0.5879876 0.640331
vt 0.5966719 0.6533281
vt 0.609669 0.6620125
vt 0.5551642 0.625
vt 0.5604801 0.651725
vt 0.5756186 0.6743814
vt 0.598275 0.6895199
vt 0.5265042 0.625
vt 0.5340017 0.6626927
vt 0.5553529 0.6946471
vt 0.5873073 0.7159983
vt 0.5078125 0.625
vt 0.5167329 0.6698457
vt 0.542136 0.7078641
vt 0.5801543 0.7332672
vt 0.6181006 0.6083435
vt 0.6122517 0.6122516
vt 0.6083435 0.6181006
vt 0.609669 0.5879875
vt 0.5966719 0.5966719
vt 0.5879876 0.609669
vt 0.598275 0.5604801
vt 0.5756186 0.5756186
vt 0.5604801 0.598275
vt 0.5873073 0.5340017
vt 0.5553529 0.5553529
vt 0.5340017 0.5873073
vt 0.5801543 0.5167329
vt 0.542136 0.542136
vt 0.5167329 0.5801543
vt 0 0.25
vt 0.0625 0.25
vt 0.125 0.25
vt 0.1875 0.25
vt 0.25 0.25
vt 0 0.2419882
vt 0.0625 0.2419882
vt 0.125 0.2419882
vt 0.1875 0.2419882
vt 0.25 0.2419882
vt 0 0.235
vt 0.0625 0.235
vt 0.125 0.235
vt 0.1875 0.235
vt 0.25 0.235
vt 0 0.2280118
vt 0.0625 0.2280118
vt 0.125 0.2280118
vt 0.1875 0.2280118
vt 0.25 0.2280118
vt 0 0.22
vt 0.0625 0.22
vt 0.125 0.22
vt 0.1875 0.22
vt 0.25 0.22
vt 0.3125 0.25
vt 0.375 0.25
vt 0.4375 0.25
vt 0.5 0.25
vt 0.3125 0.2419882
vt 0.375 0.2419882
vt 0.4375 0.2419882
vt 0.5 0.2419882
vt 0.3125 0.235
vt 0.375 0.235
vt 0.4375 0.235
vt 0.5 0.235
vt 0.3125 0.2280118
vt 0.375 0.2280118
vt 0.4375 0.2280118
vt 0.5 0.2280118
vt 0.3125 0.22
vt 0.375 0.22
vt 0.4375 0.22
vt 0.5 0.22
vt 0.75 0.25
vt 0.6875 0.25
vt 0.625 0.25
vt 0.5625 0.25
vt 0.75 0.2419882
vt 0.6875 0.2419882
vt 0.625 0.2419882
vt 0.5625 0.2419882
vt 0.75 0.235
vt 0.6875 0.235
vt 0.625 0.235
vt 0.5625 0.235
vt 0.75 0.2280118
vt 0.6875 0.2280118
vt 0.625 0.2280118
vt 0.5625 0.2280118
vt 0.75 0.22
vt 0.6875 0.22
vt 0.625 0.22
vt 0.5625 0.22
vt 1 0.25
vt 0.9375 0.25
vt 0.875 0.25
vt 0.8125 0.25
vt 1 0.2419882
vt 0.9375 0.2419882
vt 0.875 0.2419882
vt 0.8125 0.2419882
vt 1 0.235
vt 0.9375 0.235
vt 0.875 0.235
vt 0.8125 0.235
vt 1 0.2280118
vt 0.9375 0.2280118
vt 0.875 0.2280118
vt 0.8125 0.2280118
vt 1 0.22
vt 0.9375 0.22
vt 0.875 0.22
vt 0.8125 0.22
vt 0.0625 0.184077
vt 0.125 0.184077
vt 0.1875 0.184077
vt 0.25 0.184077
vt 0 0.1490232
vt 0.0625 0.1490232
vt 0.125 0.1490232
vt 0.1875 0.1490232
vt 0.25 0.1490232
vt 0 0.1157078
vt 0.0625 0.1157078
vt 0.125 0.1157078
vt 0.1875 0.1157078
vt 0.25 0.1157078
vt 0.0625 0.08499998
vt 0.125 0.08499998
vt 0.1875 0.08499998
vt 0.25 0.08499998
vt 0 0.2123321
vt 0.02197482 0.2073962
vt 0.03035732 0.1932106
vt 0.02431555 0.184077
vt 0.02113627 0.1790336
vt 0 0.1740603
vt 0 0.09866145
vt 0.01755178 0.09187005
vt 0.02110154 0.08499998
vt 0.3125 0.184077
vt 0.375 0.184077
vt 0.4375 0.184077
vt 0.5 0.184077
vt 0.3125 0.1490232
vt 0.375 0.1490232
vt 0.4375 0.1490232
vt 0.5 0.1490232
vt 0.3125 0.1157078
vt 0.375 0.1157078
vt 0.4375 0.1157078
vt 0.3125 0.08499998
vt 0.375 0.08499998
vt 0.4375 0.08499998
vt 0.5 0.1427506
vt 0.4649807 0.1300444
vt 0.4585555 0.1157078
vt 0.4532912 0.1036733
vt 0.462889 0.08499998
vt 0.75 0.184077
vt 0.6875 0.184077
vt 0.625 0.184077
vt 0.5625 0.184077
vt 0.75 0.1490232
vt 0.6875 0.1490232
vt 0.625 0.1490232
vt 0.5625 0.1490232
vt 0.75 0.1157078
vt 0.6875 0.1157078
vt 0.625 0.1157078
vt 0.5625 0.1157078
vt 0.75 0.08499998
vt 0.6875 0.08499998
vt 0.625 0.08499998
vt 0.5625 0.08499998
vt 0.5350193 0.1300444
vt 0.5414445 0.1157078
vt 0.5467088 0.1036733
vt 0.537111 0.08499998
vt 0.9375 0.184077
vt 0.875 0.184077
vt 0.8125 0.184077
vt 1 0.1490232
vt 0.9375 0.1490232
vt 0.875 0.1490232
vt 0.8125 0.1490232
vt 1 0.1157078
vt 0.9375 0.1157078
vt 0.875 0.1157078
vt 0.8125 0.1157078
vt 0.9375 0.08499998
vt 0.875 0.08499998
vt 0.8125 0.08499998
vt 1 0.2123321
vt 0.9780252 0.2073962
vt 0.9696427 0.1932106
vt 0.9756845 0.184077
vt 0.9788637 0.1790336
vt 1 0.1740603
vt 1 0.09866145
vt 0.9824482 0.09187005
vt 0.9788985 0.08499998
vt 0.0625 0.0558818
vt 0.125 0.0558818
vt 0.1875 0.0558818
vt 0.25 0.0558818
vt 0 0.03007883
vt 0.0625 0.03007883
vt 0.125 0.03007883
vt 0.1875 0.03007883
vt 0.25 0.03007883
vt 0 0.01048648
vt 0.0625 0.01048648
vt 0.125 0.01048648
vt 0.1875 0.01048648
vt 0.25 0.01048648
vt 0 0
vt 0.0625 0
vt 0.125 0
vt 0.1875 0
vt 0.25 0
vt 0.02562813 0.07453756
vt 0.01855345 0.05765107
vt 0.01095261 0.0558818
vt 0 0.05175903
vt 0.3125 0.0558818
vt 0.375 0.0558818
vt 0.4375 0.0558818
vt 0.5 0.0558818
vt 0.3125 0.03007883
vt 0.375 0.03007883
vt 0.4375 0.03007883
vt 0.5 0.03007883
vt 0.3125 0.01048648
vt 0.375 0.01048648
vt 0.4375 0.01048648
vt 0.5 0.01048648
vt 0.3125 0
vt 0.375 0
vt 0.4375 0
vt 0.5 0
vt 0.46535 0.07758226
vt 0.5 0.06685456
vt 0.75 0.0558818
vt 0.6875 0.0558818
vt 0.625 0.0558818
vt 0.5625 0.0558818
vt 0.75 0.03007883
vt 0.6875 0.03007883
vt 0.625 0.03007883
vt 0.5625 0.03007883
vt 0.75 0.01048648
vt 0.6875 0.01048648
vt 0.625 0.01048648
vt 0.5625 0.01048648
vt 0.75 0
vt 0.6875 0
vt 0.625 0
vt 0.5625 0
vt 0.53465 0.07758226
vt 0.9375 0.0558818
vt 0.875 0.0558818
vt 0.8125 0.0558818
vt 1 0.03007883
vt 0.9375 0.03007883
vt 0.875 0.03007883
vt 0.8125 0.03007883
vt 1 0.01048648
vt 0.9375 0.01048648
vt 0.875 0.01048648
vt 0.8125 0.01048648
vt 1 0
vt 0.9375 0
vt 0.875 0
vt 0.8125 0
vt 0.9743719 0.07453756
vt 0.9814466 0.05765107
vt 0.9890474 0.0558818
vt 1 0.05175903
vt 0.125 0.9921875
vt 0.1698457 0.9832671
vt 0.2078641 0.957864
vt 0.2332671 0.9198457
vt 0.2421875 0.875
vt 0.125 0.985113
vt 0.1671384 0.9767311
vt 0.2028616 0.9528616
vt 0.2267311 0.9171384
vt 0.235113 0.875
vt 0.125 0.9688832
vt 0.1609275 0.9617367
vt 0.1913854 0.9413854
vt 0.2117367 0.9109275
vt 0.2188832 0.875
vt 0.125 0.9350086
vt 0.1479643 0.9304408
vt 0.1674325 0.9174325
vt 0.1804408 0.8979643
vt 0.1850087 0.875
vt 0.125 0.875
vt 0.2332671 0.8301543
vt 0.2078641 0.7921359
vt 0.1698457 0.7667328
vt 0.125 0.7578125
vt 0.2267311 0.8328616
vt 0.2028616 0.7971383
vt 0.1671384 0.7732689
vt 0.125 0.764887
vt 0.2117367 0.8390725
vt 0.1913854 0.8086146
vt 0.1609275 0.7882633
vt 0.125 0.7811168
vt 0.1804408 0.8520357
vt 0.1674325 0.8325675
vt 0.1479643 0.8195592
vt 0.125 0.8149914
vt 0.0078125 0.875
vt 0.01673287 0.8301543
vt 0.04213594 0.7921359
vt 0.08015433 0.7667328
vt 0.01488703 0.875
vt 0.02326888 0.8328616
vt 0.04713839 0.7971383
vt 0.08286163 0.7732689
vt 0.03111683 0.875
vt 0.03826326 0.8390725
vt 0.05861458 0.8086146
vt 0.0890725 0.7882633
vt 0.06499134 0.875
vt 0.06955923 0.8520357
vt 0.08256748 0.8325675
vt 0.1020357 0.8195592
vt 0.08015427 0.9832671
vt 0.04213592 0.957864
vt 0.01673286 0.9198457
vt 0.08286159 0.9767311
vt 0.04713836 0.9528616
vt 0.02326888 0.9171384
vt 0.08907247 0.9617367
vt 0.05861458 0.9413854
vt 0.03826326 0.9109275
vt 0.1020357 0.9304408
vt 0.08256747 0.9174325
vt 0.06955922 0.8979643
vt 0.75 0.931227
vt 0.78125 0.9317102
vt 0.8125 0.9324994
vt 0.84375 0.9330733
vt 0.875 0.9332804
vt 0.75 0.8644927
vt 0.78125 0.864693
vt 0.8125 0.8651172
vt 0.84375 0.865517
vt 0.875 0.8656858
vt 0.75 0.803012
vt 0.78125 0.8028293
vt 0.8125 0.8026763
vt 0.84375 0.8027022
vt 0.875 0.8027483
vt 0.875 0.75
vt 0.75 0.9668094
vt 0.78125 0.9716647
vt 0.7947122 0.9712089
vt 0.8125 0.9725606
vt 0.8363693 0.9719115
vt 0.84375 0.9734556
vt 0.875 0.9725339
vt 0.75 0.9723697
vt 0.75 0.9779301
vt 0.78125 0.977225
vt 0.78125 0.9827853
vt 0.7947122 0.9767692
vt 0.7947122 0.9823295
vt 0.8125 0.9781209
vt 0.8125 0.9836813
vt 0.8363693 0.9774719
vt 0.8363693 0.9830322
vt 0.84375 0.9790159
vt 0.84375 0.9845763
vt 0.875 0.9780942
vt 0.875 0.9836546
vt 1 0.931227
vt 0.96875 0.9317102
vt 0.9375 0.9324994
vt 0.90625 0.9330733
vt 1 0.8644927
vt 0.96875 0.864693
vt 0.9375 0.8651172
vt 0.90625 0.865517
vt 1 0.803012
vt 0.96875 0.8028293
vt 0.9375 0.8026763
vt 0.90625 0.8027022
vt 1 0.75
vt 0.96875 0.75
vt 0.9375 0.75
vt 0.90625 0.75
vt 1 0.9668094
vt 0.96875 0.9716647
vt 0.9552878 0.9712089
vt 0.9375 0.9725606
vt 0.9136307 0.9719115
vt 0.90625 0.9734556
vt 1 0.9723697
vt 1 0.9779301
vt 0.96875 0.977225
vt 0.96875 0.9827853
vt 0.9552878 0.9767692
vt 0.9552878 0.9823295
vt 0.9375 0.9781209
vt 0.9375 0.9836813
vt 0.9136307 0.9774719
vt 0.9136307 0.9830322
vt 0.90625 0.9790159
vt 0.90625 0.9845763
vt 0.375 0.875
vt 0.375 0.8268172
vt 0.3934388 0.8304849
vt 0.4090704 0.8409296
vt 0.4195151 0.8565612
vt 0.4231828 0.875
vt 0.375 0.7949138
vt 0.4056477 0.80101
vt 0.4316295 0.8183705
vt 0.44899 0.8443524
vt 0.4550862 0.875
vt 0.375 0.7737566
vt 0.4137442 0.7814633
vt 0.4465899 0.8034101
vt 0.4685367 0.8362558
vt 0.4762434 0.875
vt 0.375 0.7578125
vt 0.4198457 0.7667329
vt 0.4578641 0.792136
vt 0.4832671 0.8301543
vt 0.4921875 0.875
vt 0.4195151 0.8934388
vt 0.4090704 0.9090704
vt 0.3934388 0.9195151
vt 0.375 0.9231828
vt 0.44899 0.9056476
vt 0.4316295 0.9316295
vt 0.4056476 0.94899
vt 0.375 0.9550862
vt 0.4685367 0.9137442
vt 0.4465899 0.9465899
vt 0.4137441 0.9685367
vt 0.375 0.9762434
vt 0.4832671 0.9198457
vt 0.457864 0.9578641
vt 0.4198457 0.9832671
vt 0.375 0.9921875
vt 0.3268172 0.875
vt 0.3304849 0.8934388
vt 0.3409296 0.9090704
vt 0.3565612 0.9195151
vt 0.2949138 0.875
vt 0.30101 0.9056476
vt 0.3183705 0.9316295
vt 0.3443524 0.94899
vt 0.2737566 0.875
vt 0.2814633 0.9137442
vt 0.3034101 0.9465899
vt 0.3362559 0.9685367
vt 0.2578125 0.875
vt 0.2667329 0.9198457
vt 0.292136 0.9578641
vt 0.3301543 0.9832671
vt 0.3565612 0.8304849
vt 0.3409296 0.8409296
vt 0.3304849 0.8565612
vt 0.3443523 0.80101
vt 0.3183705 0.8183705
vt 0.30101 0.8443524
vt 0.3362558 0.7814633
vt 0.3034101 0.8034101
vt 0.2814633 0.8362558
vt 0.3301543 0.7667329
vt 0.2921359 0.792136
vt 0.2667329 0.8301543
vt 0 0.5
vt 0.0625 0.5
vt 0.125 0.5
vt 0.1875 0.5
vt 0.25 0.5
vt 0 0.4851327
vt 0.0625 0.4851327
vt 0.125 0.4851327
vt 0.1875 0.4851327
vt 0.25 0.4851327
vt 0 0.463467
vt 0.0625 0.463467
vt 0.125 0.463467
vt 0.1875 0.463467
vt 0.25 0.463467
vt 0 0.4378865
vt 0.0625 0.4378865
vt 0.125 0.4378865
vt 0.1875 0.4378865
vt 0.25 0.4378865
vt 0 0.411275
vt 0.0625 0.411275
vt 0.125 0.411275
vt 0.1875 0.411275
vt 0.25 0.411275
vt 0.3125 0.5
vt 0.375 0.5
vt 0.4375 0.5
vt 0.5 0.5
vt 0.3125 0.4851327
vt 0.375 0.4851327
vt 0.4375 0.4851327
vt 0.5 0.4851327
vt 0.3125 0.463467
vt 0.375 0.463467
vt 0.4375 0.463467
vt 0.5 0.463467
vt 0.3125 0.4378865
vt 0.375 0.4378865
vt 0.4375 0.4378865
vt 0.5 0.4378865
vt 0.3125 0.411275
vt 0.375 0.411275
vt 0.4375 0.411275
vt 0.4745369 0.411275
vt 0.4760131 0.416463
vt 0.5 0.4264667
vt 0.75 0.5
vt 0.6875 0.5
vt 0.625 0.5
vt 0.5625 0.5
vt 0.75 0.4851327
vt 0.6875 0.4851327
vt 0.625 0.4851327
vt 0.5625 0.4851327
vt 0.75 0.463467
vt 0.6875 0.463467
vt 0.625 0.463467
vt 0.5625 0.463467
vt 0.75 0.4378865
vt 0.6875 0.4378865
vt 0.625 0.4378865
vt 0.5625 0.4378865
vt 0.75 0.411275
vt 0.6875 0.411275
vt 0.625 0.411275
vt 0.5625 0.411275
vt 0.5254631 0.411275
vt 0.5239869 0.416463
vt 1 0.5
vt 0.9375 0.5
vt 0.875 0.5
vt 0.8125 0.5
vt 1 0.4851327
vt 0.9375 0.4851327
vt 0.875 0.4851327
vt 0.8125 0.4851327
vt 1 0.463467
vt 0.9375 0.463467
vt 0.875 0.463467
vt 0.8125 0.463467
vt 1 0.4378865
vt 0.9375 0.4378865
vt 0.875 0.4378865
vt 0.8125 0.4378865
vt 1 0.411275
vt 0.9375 0.411275
vt 0.875 0.411275
vt 0.8125 0.411275
vt 0 0.3883064
vt 0.0625 0.3883064
vt 0.125 0.3883064
vt 0.1875 0.3883064
vt 0.25 0.3883064
vt 0 0.3627877
vt 0.0625 0.3627877
vt 0.125 0.3627877
vt 0.1875 0.3627877
vt 0.25 0.3627877
vt 0 0.3355688
vt 0.0625 0.3355688
vt 0.125 0.3355688
vt 0.1875 0.3355688
vt 0.25 0.3355688
vt 0 0.3075
vt 0.0625 0.3075
vt 0.125 0.3075
vt 0.1875 0.3075
vt 0.25 0.3075
vt 0.3125 0.3883064
vt 0.375 0.3883064
vt 0.4375 0.3883064
vt 0.3125 0.3627877
vt 0.375 0.3627877
vt 0.4375 0.3627877
vt 0.5 0.3627877
vt 0.3125 0.3355688
vt 0.375 0.3355688
vt 0.4375 0.3355688
vt 0.5 0.3355688
vt 0.3125 0.3075
vt 0.375 0.3075
vt 0.4375 0.3075
vt 0.5 0.3075
vt 0.5 0.3699445
vt 0.4754409 0.3803987
vt 0.4722753 0.3883064
vt 0.4684352 0.3984523
vt 0.75 0.3883064
vt 0.6875 0.3883064
vt 0.625 0.3883064
vt 0.5625 0.3883064
vt 0.75 0.3627877
vt 0.6875 0.3627877
vt 0.625 0.3627877
vt 0.5625 0.3627877
vt 0.75 0.3355688
vt 0.6875 0.3355688
vt 0.625 0.3355688
vt 0.5625 0.3355688
vt 0.75 0.3075
vt 0.6875 0.3075
vt 0.625 0.3075
vt 0.5625 0.3075
vt 0.5245591 0.3803987
vt 0.5277246 0.3883064
vt 0.5315648 0.3984523
vt 1 0.3883064
vt 0.9375 0.3883064
vt 0.875 0.3883064
vt 0.8125 0.3883064
vt 1 0.3627877
vt 0.9375 0.3627877
vt 0.875 0.3627877
vt 0.8125 0.3627877
vt 1 0.3355688
vt 0.9375 0.3355688
vt 0.875 0.3355688
vt 0.8125 0.3355688
vt 1 0.3075
vt 0.9375 0.3075
vt 0.875 0.3075
vt 0.8125 0.3075
vt 0 0.2953512
vt 0.0625 0.2953512
vt 0.125 0.2953512
vt 0.1875 0.2953512
vt 0.25 0.2953512
vt 0 0.2845064
vt 0.0625 0.2845064
vt 0.125 0.2845064
vt 0.1875 0.2845064
vt 0.25 0.2845064
vt 0 0.2758021
vt 0.0625 0.2758021
vt 0.125 0.2758021
vt 0.1875 0.2758021
vt 0.25 0.2758021
vt 0 0.270075
vt 0.0625 0.270075
vt 0.125 0.270075
vt 0.1875 0.270075
vt 0.25 0.270075
vt 0.3125 0.2953512
vt 0.375 0.2953512
vt 0.4375 0.2953512
vt 0.5 0.2953512
vt 0.3125 0.2845064
vt 0.375 0.2845064
vt 0.4375 0.2845064
vt 0.5 0.2845064
vt 0.3125 0.2758021
vt 0.375 0.2758021
vt 0.4375 0.2758021
vt 0.5 0.2758021
vt 0.3125 0.270075
vt 0.375 0.270075
vt 0.4375 0.270075
vt 0.5 0.270075
vt 0.75 0.2953512
vt 0.6875 0.2953512
vt 0.625 0.2953512
vt 0.5625 0.2953512
vt 0.75 0.2845064
vt 0.6875 0.2845064
vt 0.625 0.2845064
vt 0.5625 0.2845064
vt 0.75 0.2758021
vt 0.6875 0.2758021
vt 0.625 0.2758021
vt 0.5625 0.2758021
vt 0.75 0.270075
vt 0.6875 0.270075
vt 0.625 0.270075
vt 0.5625 0.270075
vt 1 0.2953512
vt 0.9375 0.2953512
vt 0.875 0.2953512
vt 0.8125 0.2953512
vt 1 0.2845064
vt 0.9375 0.2845064
vt 0.875 0.2845064
vt 0.8125 0.2845064
vt 1 0.2758021
vt 0.9375 0.2758021
vt 0.875 0.2758021
vt 0.8125 0.2758021
vt 1 0.270075
vt 0.9375 0.270075
vt 0.875 0.270075
vt 0.8125 0.270075
vt 0 0.2655267
vt 0.0625 0.2655267
vt 0.125 0.2655267
vt 0.1875 0.2655267
vt 0.25 0.2655267
vt 0 0.2605752
vt 0.0625 0.2605752
vt 0.125 0.2605752
vt 0.1875 0.2605752
vt 0.25 0.2605752
vt 0 0.2553548
vt 0.0625 0.2553548
vt 0.125 0.2553548
vt 0.1875 0.2553548
vt 0.25 0.2553548
vt 0.3125 0.2655267
vt 0.375 0.2655267
vt 0.4375 0.2655267
vt 0.5 0.2655267
vt 0.3125 0.2605752
vt 0.375 0.2605752
vt 0.4375 0.2605752
vt 0.5 0.2605752
vt 0.3125 0.2553548
vt 0.375 0.2553548
vt 0.4375 0.2553548
vt 0.5 0.2553548
vt 0.75 0.2655267
vt 0.6875 0.2655267
vt 0.625 0.2655267
vt 0.5625 0.2655267
vt 0.75 0.2605752
vt 0.6875 0.2605752
vt 0.625 0.2605752
vt 0.5625 0.2605752
vt 0.75 0.2553548
vt 0.6875 0.2553548
vt 0.625 0.2553548
vt 0.5625 0.2553548
vt 1 0.2655267
vt 0.9375 0.2655267
vt 0.875 0.2655267
vt 0.8125 0.2655267
vt 1 0.2605752
vt 0.9375 0.2605752
vt 0.875 0.2605752
vt 0.8125 0.2605752
vt 1 0.2553548
vt 0.9375 0.2553548
vt 0.875 0.2553548
vt 0.8125 0.2553548
vt 0.625 0.9921875
vt 0.6698457 0.9832671
vt 0.707864 0.957864
vt 0.7332671 0.9198457
vt 0.7421875 0.875
vt 0.625 0.9849916
vt 0.667092 0.9766189
vt 0.7027758 0.9527758
vt 0.7266189 0.917092
vt 0.7349916 0.875
vt 0.625 0.9789293
vt 0.664772 0.9710181
vt 0.6984891 0.9484891
vt 0.7210181 0.914772
vt 0.7289293 0.875
vt 0.625 0.9741523
vt 0.662944 0.9666048
vt 0.6951113 0.9451113
vt 0.7166048 0.912944
vt 0.7241523 0.875
vt 0.625 0.9708125
vt 0.6616659 0.9635192
vt 0.6927497 0.9427497
vt 0.7135192 0.9116659
vt 0.7208125 0.875
vt 0.7332671 0.8301543
vt 0.707864 0.7921359
vt 0.6698457 0.7667328
vt 0.625 0.7578125
vt 0.7266189 0.832908
vt 0.7027758 0.7972242
vt 0.6670919 0.773381
vt 0.625 0.7650084
vt 0.7210181 0.835228
vt 0.6984891 0.8015109
vt 0.664772 0.7789819
vt 0.625 0.7710707
vt 0.7166048 0.837056
vt 0.6951113 0.8048887
vt 0.662944 0.7833952
vt 0.625 0.7758477
vt 0.7135192 0.8383341
vt 0.6927497 0.8072503
vt 0.6616658 0.7864808
vt 0.625 0.7791875
vt 0.5078125 0.875
vt 0.5167329 0.8301543
vt 0.542136 0.7921359
vt 0.5801543 0.7667328
vt 0.5150084 0.875
vt 0.5233811 0.832908
vt 0.5472242 0.7972242
vt 0.5829081 0.773381
vt 0.5210707 0.875
vt 0.5289819 0.835228
vt 0.5515109 0.8015109
vt 0.585228 0.7789819
vt 0.5258477 0.875
vt 0.5333952 0.837056
vt 0.5548887 0.8048887
vt 0.587056 0.7833952
vt 0.5291875 0.875
vt 0.5364808 0.8383341
vt 0.5572503 0.8072503
vt 0.5883342 0.7864808
vt 0.5801543 0.9832671
vt 0.542136 0.957864
vt 0.5167329 0.9198457
vt 0.582908 0.9766189
vt 0.5472242 0.9527758
vt 0.5233811 0.917092
vt 0.585228 0.9710181
vt 0.5515109 0.9484891
vt 0.5289819 0.914772
vt 0.587056 0.9666048
vt 0.5548887 0.9451113
vt 0.5333952 0.912944
vt 0.5883341 0.9635192
vt 0.5572503 0.9427497
vt 0.5364808 0.9116659
vt 0.625 0.9673952
vt 0.6603581 0.9603621
vt 0.6903333 0.9403333
vt 0.7103621 0.9103581
vt 0.7173952 0.875
vt 0.625 0.9621838
vt 0.6583638 0.9555474
vt 0.6866483 0.9366483
vt 0.7055474 0.9083638
vt 0.7121838 0.875
vt 0.625 0.9549821
vt 0.6556078 0.9488938
vt 0.6815559 0.9315559
vt 0.6988938 0.9056078
vt 0.7049821 0.875
vt 0.625 0.9455938
vt 0.6520151 0.9402201
vt 0.6749173 0.9249173
vt 0.6902201 0.902015
vt 0.6955938 0.875
vt 0.7103621 0.8396419
vt 0.6903333 0.8096666
vt 0.6603581 0.7896379
vt 0.625 0.7826048
vt 0.7055474 0.8416362
vt 0.6866483 0.8133517
vt 0.6583638 0.7944526
vt 0.625 0.7878162
vt 0.6988938 0.8443922
vt 0.6815559 0.8184441
vt 0.6556078 0.8011062
vt 0.625 0.7950179
vt 0.6902201 0.8479849
vt 0.6749173 0.8250827
vt 0.652015 0.8097799
vt 0.625 0.8044063
vt 0.5326048 0.875
vt 0.5396379 0.8396419
vt 0.5596667 0.8096666
vt 0.5896419 0.7896379
vt 0.5378162 0.875
vt 0.5444526 0.8416362
vt 0.5633517 0.8133517
vt 0.5916362 0.7944526
vt 0.5450179 0.875
vt 0.5511062 0.8443922
vt 0.5684441 0.8184441
vt 0.5943922 0.8011062
vt 0.5544062 0.875
vt 0.5597799 0.8479849
vt 0.5750827 0.8250827
vt 0.597985 0.8097799
vt 0.5896419 0.9603621
vt 0.5596667 0.9403333
vt 0.5396379 0.9103581
vt 0.5916362 0.9555474
vt 0.5633517 0.9366483
vt 0.5444526 0.9083638
vt 0.5943922 0.9488938
vt 0.5684441 0.9315559
vt 0.5511062 0.9056078
vt 0.5979849 0.9402201
vt 0.5750827 0.9249173
vt 0.5597799 0.902015
vt 0.625 0.9328972
vt 0.6471563 0.92849
vt 0.6659395 0.9159395
vt 0.67849 0.8971563
vt 0.6828972 0.875
vt 0.625 0.9170503
vt 0.6410919 0.9138494
vt 0.6547341 0.9047341
vt 0.6638494 0.8910919
vt 0.6670503 0.875
vt 0.625 0.8978267
vt 0.6337354 0.8960891
vt 0.6411409 0.8911409
vt 0.6460891 0.8837354
vt 0.6478267 0.875
vt 0.625 0.875
vt 0.67849 0.8528437
vt 0.6659395 0.8340605
vt 0.6471563 0.82151
vt 0.625 0.8171028
vt 0.6638494 0.8589081
vt 0.6547341 0.8452659
vt 0.6410919 0.8361506
vt 0.625 0.8329497
vt 0.6460891 0.8662646
vt 0.6411409 0.8588591
vt 0.6337354 0.8539109
vt 0.625 0.8521733
vt 0.5671028 0.875
vt 0.57151 0.8528437
vt 0.5840605 0.8340605
vt 0.6028437 0.82151
vt 0.5829497 0.875
vt 0.5861506 0.8589081
vt 0.5952659 0.8452659
vt 0.6089081 0.8361506
vt 0.6021733 0.875
vt 0.6039109 0.8662646
vt 0.6088591 0.8588591
vt 0.6162646 0.8539109
vt 0.6028437 0.92849
vt 0.5840605 0.9159395
vt 0.57151 0.8971563
vt 0.6089081 0.9138494
vt 0.5952659 0.9047341
vt 0.5861506 0.8910919
vt 0.6162646 0.8960891
vt 0.6088591 0.8911409
vt 0.6039109 0.8837354

f 2/2/2 6/6/6 1/1/1
f 6/6/6 2/2/2 7/7/7
f 3/3/3 7/7/7 2/2/2
f 7/7/7 3/3/3 8/8/8
f 4/4/4 8/8/8 3/3/3
f 8/8/8 4/4/4 9/9/9
f 5/5/5 9/9/9 4/4/4
f 9/9/9 5/5/5 10/10/10
f 7/7/7 11/11/11 6/6/6
f 11/11/11 7/7/7 12/12/12
f 8/8/8 12/12/12 7/7/7
f 12/12/12 8/8/8 13/13/13
f 9/9/9 13/13/13 8/8/8
f 13/13/13 9/9/9 14/14/14
f 10/10/10 14/14/14 9/9/9
f 14/14/14 10/10/10 15/15/15
f 12/12/12 16/16/16 11/11/11
f 16/16/16 12/12/12 17/17/17
f 13/13/13 17/17/17 12/12/12
f 17/17/17 13/13/13 18/18/18
f 14/14/14 18/18/18 13/13/13
f 18/18/18 14/14/14 19/19/19
f 15/15/15 19/19/19 14/14/14
f 19/19/19 15/15/15 20/20/20
f 21/21/21 22/22/22 2/2/2
f 21/21/21 2/2/2 1/1/1
f 23/23/23 2/2/2 22/22/22
f 23/23/23 3/3/3 2/2/2
f 24/24/24 3/3/3 23/23/23
f 24/24/24 4/4/4 3/3/3
f 25/25/25 4/4/4 24/24/24
f 26/26/26 4/4/4 25/25/25
f 26/26/26 5/5/5 4/4/4
f 21/21/21 29/29/29 22/22/22
f 29/29/29 21/21/21 27/27/27
f 27/27/27 30/30/30 29/29/29
f 30/30/30 27/27/27 28/28/28
f 22/22/22 31/31/31 23/23/23
f 31/31/31 22/22/22 29/29/29
f 29/29/29 32/32/32 31/31/31
f 32/32/32 29/29/29 30/30/30
f 23/23/23 33/33/33 24/24/24
f 33/33/33 23/23/23 31/31/31
f 31/31/31 34/34/34 33/33/33
f 34/34/34 31/31/31 32/32/32
f 24/24/24 35/35/35 25/25/25
f 35/35/35 24/24/24 33/33/33
f 33/33/33 36/36/36 35/35/35
f 36/36/36 33/33/33 34/34/34
f 25/25/25 37/37/37 26/26/26
f 37/37/37 25/25/25 35/35/35
f 35/35/35 38/38/38 37/37/37
f 38/38/38 35/35/35 36/36/36
f 6/6/6 39/39/39 1/1/1
f 39/39/39 6/6/6 42/43/42
f 42/43/42 40/40/40 39/39/39
f 40/40/40 42/43/42 43/44/43
f 43/44/43 41/41/41 40/40/40
f 41/41/41 43/44/43 44/45/44
f 44/45/44 5/42/5 41/41/41
f 5/42/5 44/45/44 10/46/10
f 11/11/11 42/43/42 6/6/6
f 42/43/42 11/11/11 45/47/45
f 45/47/45 43/44/43 42/43/42
f 43/44/43 45/47/45 46/48/46
f 46/48/46 44/45/44 43/44/43
f 44/45/44 46/48/46 47/49/47
f 47/49/47 10/46/10 44/45/44
f 10/46/10 47/49/47 15/50/15
f 16/16/16 45/47/45 11/11/11
f 45/47/45 16/16/16 48/51/48
f 48/51/48 46/48/46 45/47/45
f 46/48/46 48/51/48 49/52/49
f 49/52/49 47/49/47 46/48/46
f 47/49/47 49/52/49 50/53/50
f 50/53/50 15/50/15 47/49/47
f 15/50/15 50/53/50 20/54/20
f 39/39/39 51/55/51 21/21/21
f 1/1/1 39/39/39 21/21/21
f 51/55/51 39/39/39 52/56/52
f 39/39/39 40/40/40 52/56/52
f 52/56/52 40/40/40 53/57/53
f 40/40/40 41/41/41 53/57/53
f 53/57/53 41/41/41 54/58/54
f 54/58/54 41/41/41 26/59/26
f 41/41/41 5/42/5 26/59/26
f 55/60/55 21/21/21 51/55/51
f 21/21/21 55/60/55 27/27/27
f 56/61/56 27/27/27 55/60/55
f 27/27/27 56/61/56 28/28/28
f 57/62/57 51/55/51 52/56/52
f 51/55/51 57/62/57 55/60/55
f 58/63/58 55/60/55 57/62/57
f 55/60/55 58/63/58 56/61/56
f 59/64/59 52/56/52 53/57/53
f 52/56/52 59/64/59 57/62/57
f 60/65/60 57/62/57 59/64/59
f 57/62/57 60/65/60 58/63/58
f 61/66/61 53/57/53 54/58/54
f 53/57/53 61/66/61 59/64/59
f 62/67/62 59/64/59 61/66/61
f 59/64/59 62/67/62 60/65/60
f 37/68/37 54/58/54 26/59/26
f 54/58/54 37/68/37 61/66/61
f 38/69/38 61/66/61 37/68/37
f 61/66/61 38/69/38 62/67/62
f 17/17/17 63/70/63 16/16/16
f 63/70/63 17/17/17 64/71/64
f 18/18/18 64/71/64 17/17/17
f 64/71/64 18/18/18 65/72/65
f 19/19/19 65/72/65 18/18/18
f 65/72/65 19/19/19 66/73/66
f 20/20/20 66/73/66 19/19/19
f 66/73/66 20/20/20 67/74/67
f 64/71/64 68/75/68 63/70/63
f 68/75/68 64/71/64 69/76/69
f 65/72/65 69/76/69 64/71/64
f 69/76/69 65/72/65 70/77/70
f 66/73/66 70/77/70 65/72/65
f 70/77/70 66/73/66 71/78/71
f 67/74/67 71/78/71 66/73/66
f 71/78/71 67/74/67 72/79/72
f 69/76/69 73/80/73 68/75/68
f 73/80/73 69/76/69 74/81/74
f 70/77/70 74/81/74 69/76/69
f 74/81/74 70/77/70 75/82/75
f 71/78/71 75/82/75 70/77/70
f 75/82/75 71/78/71 76/83/76
f 72/79/72 76/83/76 71/78/71
f 76/83/76 72/79/72 77/84/77
f 78/85/78 79/86/79 76/83/76
f 78/85/78 76/83/76 77/84/77
f 79/86/79 80/87/80 75/82/75
f 79/86/79 75/82/75 76/83/76
f 80/87/80 81/88/81 75/82/75
f 81/88/81 82/89/82 74/81/74
f 81/88/81 74/81/74 75/82/75
f 83/90/83 74/81/74 82/89/82
f 83/90/83 73/80/73 74/81/74
f 84/91/84 73/80/73 83/90/83
f 78/85/78 87/94/87 79/86/79
f 87/94/87 78/85/78 85/92/85
f 85/92/85 88/95/88 87/94/87
f 88/95/88 85/92/85 86/93/86
f 79/86/79 89/96/89 80/87/80
f 89/96/89 79/86/79 87/94/87
f 87/94/87 90/97/90 89/96/89
f 90/97/90 87/94/87 88/95/88
f 80/87/80 91/98/91 81/88/81
f 91/98/91 80/87/80 89/96/89
f 89/96/89 92/99/92 91/98/91
f 92/99/92 89/96/89 90/97/90
f 81/88/81 93/100/93 82/89/82
f 93/100/93 81/88/81 91/98/91
f 91/98/91 94/101/94 93/100/93
f 94/101/94 91/98/91 92/99/92
f 82/89/82 95/102/95 83/90/83
f 95/102/95 82/89/82 93/100/93
f 93/100/93 96/103/96 95/102/95
f 96/103/96 93/100/93 94/101/94
f 83/90/83 97/104/97 84/91/84
f 97/104/97 83/90/83 95/102/95
f 95/102/95 98/105/98 97/104/97
f 98/105/98 95/102/95 96/103/96
f 63/70/63 48/51/48 16/16/16
f 48/51/48 63/70/63 99/106/99
f 99/106/99 49/52/49 48/51/48
f 49/52/49 99/106/99 100/107/100
f 100/107/100 50/53/50 49/52/49
f 50/53/50 100/107/100 101/108/101
f 101/108/101 20/54/20 50/53/50
f 20/54/20 101/108/101 67/109/67
f 68/75/68 99/106/99 63/70/63
f 99/106/99 68/75/68 102/110/102
f 102/110/102 100/107/100 99/106/99
f 100/107/100 102/110/102 103/111/103
f 103/111/103 101/108/101 100/107/100
f 101/108/101 103/111/103 104/112/104
f 104/112/104 67/109/67 101/108/101
f 67/109/67 104/112/104 72/113/72
f 73/80/73 102/110/102 68/75/68
f 102/110/102 73/80/73 105/114/105
f 105/114/105 103/111/103 102/110/102
f 103/111/103 105/114/105 106/115/106
f 106/115/106 104/112/104 103/111/103
f 104/112/104 106/115/106 107/116/107
f 107/116/107 72/113/72 104/112/104
f 72/113/72 107/116/107 77/117/77
f 107/116/107 108/119/108 78/118/78
f 77/117/77 107/116/107 78/118/78
f 106/115/106 109/120/109 108/119/108
f 107/116/107 106/115/106 108/119/108
f 106/115/106 110/121/110 109/120/109
f 105/114/105 111/122/111 110/121/110
f 106/115/106 105/114/105 110/121/110
f 111/122/111 105/114/105 112/123/112
f 105/114/105 73/80/73 112/123/112
f 112/123/112 73/80/73 84/91/84
f 113/126/113 78/118/78 108/119/108
f 78/118/78 113/126/113 85/124/85
f 114/127/114 85/124/85 113/126/113
f 85/124/85 114/127/114 86/125/86
f 115/128/115 108/119/108 109/120/109
f 108/119/108 115/128/115 113/126/113
f 116/129/116 113/126/113 115/128/115
f 113/126/113 116/129/116 114/127/114
f 117/130/117 109/120/109 110/121/110
f 109/120/109 117/130/117 115/128/115
f 118/131/118 115/128/115 117/130/117
f 115/128/115 118/131/118 116/129/116
f 119/132/119 110/121/110 111/122/111
f 110/121/110 119/132/119 117/130/117
f 120/133/120 117/130/117 119/132/119
f 117/130/117 120/133/120 118/131/118
f 121/134/121 111/122/111 112/123/112
f 111/122/111 121/134/121 119/132/119
f 122/135/122 119/132/119 121/134/121
f 119/132/119 122/135/122 120/133/120
f 97/104/97 112/123/112 84/91/84
f 112/123/112 97/104/97 121/134/121
f 98/105/98 121/134/121 97/104/97
f 121/134/121 98/105/98 122/135/122
f 124/137/124 128/141/128 123/136/123
f 128/141/128 124/137/124 129/142/129
f 125/138/125 129/142/129 124/137/124
f 129/142/129 125/138/125 130/143/130
f 126/139/126 130/143/130 125/138/125
f 130/143/130 126/139/126 131/144/131
f 127/140/127 131/144/131 126/139/126
f 131/144/131 127/140/127 132/145/132
f 129/142/129 133/146/133 128/141/128
f 133/146/133 129/142/129 134/147/134
f 130/143/130 134/147/134 129/142/129
f 134/147/134 130/143/130 135/148/135
f 131/144/131 135/148/135 130/143/130
f 135/148/135 131/144/131 136/149/136
f 132/145/132 136/149/136 131/144/131
f 136/149/136 132/145/132 137/150/137
f 134/147/134 138/151/138 133/146/133
f 138/151/138 134/147/134 139/152/139
f 135/148/135 139/152/139 134/147/134
f 139/152/139 135/148/135 140/153/140
f 136/149/136 140/153/140 135/148/135
f 140/153/140 136/149/136 141/154/141
f 137/150/137 141/154/141 136/149/136
f 141/154/141 137/150/137 142/155/142
f 139/152/139 143/156/143 138/151/138
f 143/156/143 139/152/139 144/157/144
f 140/153/140 144/157/144 139/152/139
f 144/157/144 140/153/140 145/158/145
f 141/154/141 145/158/145 140/153/140
f 145/158/145 141/154/141 146/159/146
f 142/155/142 146/159/146 141/154/141
f 146/159/146 142/155/142 147/160/147
f 128/165/128 148/162/148 123/161/123
f 148/162/148 128/165/128 151/166/151
f 151/166/151 149/163/149 148/162/148
f 149/163/149 151/166/151 152/167/152
f 152/167/152 150/164/150 149/163/149
f 150/164/150 152/167/152 153/168/153
f 153/168/153 127/140/127 150/164/150
f 127/140/127 153/168/153 132/145/132
f 133/169/133 151/166/151 128/165/128
f 151/166/151 133/169/133 154/170/154
f 154/170/154 152/167/152 151/166/151
f 152/167/152 154/170/154 155/171/155
f 155/171/155 153/168/153 152/167/152
f 153/168/153 155/171/155 156/172/156
f 156/172/156 132/145/132 153/168/153
f 132/145/132 156/172/156 137/150/137
f 138/173/138 154/170/154 133/169/133
f 154/170/154 138/173/138 157/174/157
f 157/174/157 155/171/155 154/170/154
f 155/171/155 157/174/157 158/175/158
f 158/175/158 156/172/156 155/171/155
f 156/172/156 158/175/158 159/176/159
f 159/176/159 137/150/137 156/172/156
f 137/150/137 159/176/159 142/155/142
f 143/177/143 157/174/157 138/173/138
f 157/174/157 143/177/143 160/178/160
f 160/178/160 158/175/158 157/174/157
f 158/175/158 160/178/160 161/179/161
f 161/179/161 159/176/159 158/175/158
f 159/176/159 161/179/161 162/180/162
f 162/180/162 142/155/142 159/176/159
f 142/155/142 162/180/162 147/160/147
f 144/157/144 163/181/163 143/156/143
f 163/181/163 144/157/144 164/182/164
f 145/158/145 164/182/164 144/157/144
f 164/182/164 145/158/145 165/183/165
f 146/159/146 165/183/165 145/158/145
f 165/183/165 146/159/146 166/184/166
f 147/160/147 166/184/166 146/159/146
f 166/184/166 147/160/147 167/185/167
f 164/182/164 168/186/168 163/181/163
f 168/186/168 164/182/164 169/187/169
f 165/183/165 169/187/169 164/182/164
f 169/187/169 165/183/165 170/188/170
f 166/184/166 170/188/170 165/183/165
f 170/188/170 166/184/166 171/189/171
f 167/185/167 171/189/171 166/184/166
f 171/189/171 167/185/167 172/190/172
f 169/187/169 173/191/173 168/186/168
f 173/191/173 169/187/169 174/192/174
f 170/188/170 174/192/174 169/187/169
f 174/192/174 170/188/170 175/193/175
f 171/189/171 175/193/175 170/188/170
f 175/193/175 171/189/171 176/194/176
f 172/190/172 176/194/176 171/189/171
f 176/194/176 172/190/172 177/195/177
f 178/196/178 174/192/174 179/197/179
f 178/196/178 173/191/173 174/192/174
f 180/198/180 179/197/179 174/192/174
f 180/198/180 174/192/174 175/193/175
f 180/198/180 175/193/175 181/199/181
f 182/200/182 181/199/181 175/193/175
f 182/200/182 175/193/175 176/194/176
f 182/200/182 176/194/176 183/201/183
f 184/202/184 183/201/183 176/194/176
f 184/202/184 176/194/176 177/195/177
f 179/197/179 185/203/185 178/196/178
f 185/203/185 179/197/179 187/205/187
f 187/205/187 186/204/186 185/203/185
f 186/204/186 187/205/187 188/206/188
f 180/198/180 187/205/187 179/197/179
f 187/205/187 180/198/180 189/207/189
f 189/207/189 188/206/188 187/205/187
f 188/206/188 189/207/189 190/208/190
f 181/199/181 189/207/189 180/198/180
f 189/207/189 181/199/181 191/209/191
f 191/209/191 190/208/190 189/207/189
f 190/208/190 191/209/191 192/210/192
f 182/200/182 191/209/191 181/199/181
f 191/209/191 182/200/182 193/211/193
f 193/211/193 192/210/192 191/209/191
f 192/210/192 193/211/193 194/212/194
f 183/201/183 193/211/193 182/200/182
f 193/211/193 183/201/183 195/213/195
f 195/213/195 194/212/194 193/211/193
f 194/212/194 195/213/195 196/214/196
f 184/202/184 195/213/195 183/201/183
f 195/213/195 184/202/184 197/215/197
f 197/215/197 196/214/196 195/213/195
f 196/214/196 197/215/197 198/216/198
f 163/217/163 160/178/160 143/177/143
f 160/178/160 163/217/163 199/218/199
f 199/218/199 161/179/161 160/178/160
f 161/179/161 199/218/199 200/219/200
f 200/219/200 162/180/162 161/179/161
f 162/180/162 200/219/200 201/220/201
f 201/220/201 147/160/147 162/180/162
f 147/160/147 201/220/201 167/185/167
f 168/221/168 199/218/199 163/217/163
f 199/218/199 168/221/168 202/222/202
f 202/222/202 200/219/200 199/218/199
f 200/219/200 202/222/202 203/223/203
f 203/223/203 201/220/201 200/219/200
f 201/220/201 203/223/203 204/224/204
f 204/224/204 167/185/167 201/220/201
f 167/185/167 204/224/204 172/190/172
f 173/225/173 202/222/202 168/221/168
f 202/222/202 173/225/173 205/226/205
f 205/226/205 203/223/203 202/222/202
f 203/223/203 205/226/205 206/227/206
f 206/227/206 204/224/204 203/223/203
f 204/224/204 206/227/206 207/228/207
f 207/228/207 172/190/172 204/224/204
f 172/190/172 207/228/207 177/195/177
f 208/230/208 205/226/205 178/229/178
f 205/226/205 173/225/173 178/229/178
f 205/226/205 208/230/208 209/231/209
f 206/227/206 205/226/205 209/231/209
f 210/232/210 206/227/206 209/231/209
f 206/227/206 210/232/210 211/233/211
f 207/228/207 206/227/206 211/233/211
f 212/234/212 207/228/207 211/233/211
f 207/228/207 212/234/212 184/202/184
f 177/195/177 207/228/207 184/202/184
f 185/235/185 208/230/208 178/229/178
f 208/230/208 185/235/185 213/237/213
f 186/236/186 213/237/213 185/235/185
f 213/237/213 186/236/186 214/238/214
f 213/237/213 209/231/209 208/230/208
f 209/231/209 213/237/213 215/239/215
f 214/238/214 215/239/215 213/237/213
f 215/239/215 214/238/214 216/240/216
f 215/239/215 210/232/210 209/231/209
f 210/232/210 215/239/215 217/241/217
f 216/240/216 217/241/217 215/239/215
f 217/241/217 216/240/216 218/242/218
f 217/241/217 211/233/211 210/232/210
f 211/233/211 217/241/217 219/243/219
f 218/242/218 219/243/219 217/241/217
f 219/243/219 218/242/218 220/244/220
f 219/243/219 212/234/212 211/233/211
f 212/234/212 219/243/219 221/245/221
f 220/244/220 221/245/221 219/243/219
f 221/245/221 220/244/220 222/246/222
f 221/245/221 184/202/184 212/234/212
f 184/202/184 221/245/221 197/215/197
f 222/246/222 197/215/197 221/245/221
f 197/215/197 222/246/222 198/216/198
f 223/247/223 225/249/225 224/248/224
f 223/247/223 226/250/226 225/249/225
f 223/247/223 227/251/227 226/250/226
f 223/247/223 228/252/228 227/251/227
f 225/249/225 229/253/229 224/248/224
f 229/253/229 225/249/225 230/254/230
f 226/250/226 230/254/230 225/249/225
f 230/254/230 226/250/226 231/255/231
f 227/251/227 231/255/231 226/250/226
f 231/255/231 227/251/227 232/256/232
f 228/252/228 232/256/232 227/251/227
f 232/256/232 228/252/228 233/257/233
f 230/254/230 234/258/234 229/253/229
f 234/258/234 230/254/230 235/259/235
f 231/255/231 235/259/235 230/254/230
f 235/259/235 231/255/231 236/260/236
f 232/256/232 236/260/236 231/255/231
f 236/260/236 232/256/232 237/261/237
f 233/257/233 237/261/237 232/256/232
f 237/261/237 233/257/233 238/262/238
f 235/259/235 239/263/239 234/258/234
f 239/263/239 235/259/235 240/264/240
f 236/260/236 240/264/240 235/259/235
f 240/264/240 236/260/236 241/265/241
f 237/261/237 241/265/241 236/260/236
f 241/265/241 237/261/237 242/266/242
f 238/262/238 242/266/242 237/261/237
f 242/266/242 238/262/238 243/267/243
f 223/247/223 244/268/244 228/252/228
f 223/247/223 245/269/245 244/268/244
f 223/247/223 246/270/246 245/269/245
f 223/247/223 247/271/247 246/270/246
f 244/268/244 233/257/233 228/252/228
f 233/257/233 244/268/244 248/272/248
f 245/269/245 248/272/248 244/268/244
f 248/272/248 245/269/245 249/273/249
f 246/270/246 249/273/249 245/269/245
f 249/273/249 246/270/246 250/274/250
f 247/271/247 250/274/250 246/270/246
f 250/274/250 247/271/247 251/275/251
f 248/272/248 238/262/238 233/257/233
f 238/262/238 248/272/248 252/276/252
f 249/273/249 252/276/252 248/272/248
f 252/276/252 249/273/249 253/277/253
f 250/274/250 253/277/253 249/273/249
f 253/277/253 250/274/250 254/278/254
f 251/275/251 254/278/254 250/274/250
f 254/278/254 251/275/251 255/279/255
f 252/276/252 243/267/243 238/262/238
f 243/267/243 252/276/252 256/280/256
f 253/277/253 256/280/256 252/276/252
f 256/280/256 253/277/253 257/281/257
f 254/278/254 257/281/257 253/277/253
f 257/281/257 254/278/254 258/282/258
f 255/279/255 258/282/258 254/278/254
f 258/282/258 255/279/255 259/283/259
f 260/284/260 261/285/261 223/247/223
f 261/285/261 262/286/262 223/247/223
f 262/286/262 263/287/263 223/247/223
f 263/287/263 247/271/247 223/247/223
f 264/288/264 261/285/261 260/284/260
f 261/285/261 264/288/264 265/289/265
f 265/289/265 262/286/262 261/285/261
f 262/286/262 265/289/265 266/290/266
f 266/290/266 263/287/263 262/286/262
f 263/287/263 266/290/266 267/291/267
f 267/291/267 247/271/247 263/287/263
f 247/271/247 267/291/267 251/275/251
f 268/292/268 265/289/265 264/288/264
f 265/289/265 268/292/268 269/293/269
f 269/293/269 266/290/266 265/289/265
f 266/290/266 269/293/269 270/294/270
f 270/294/270 267/291/267 266/290/266
f 267/291/267 270/294/270 271/295/271
f 271/295/271 251/275/251 267/291/267
f 251/275/251 271/295/271 255/279/255
f 272/296/272 269/293/269 268/292/268
f 269/293/269 272/296/272 273/297/273
f 273/297/273 270/294/270 269/293/269
f 270/294/270 273/297/273 274/298/274
f 274/298/274 271/295/271 270/294/270
f 271/295/271 274/298/274 275/299/275
f 275/299/275 255/279/255 271/295/271
f 255/279/255 275/299/275 259/283/259
f 224/248/224 276/300/276 223/247/223
f 276/300/276 277/301/277 223/247/223
f 277/301/277 278/302/278 223/247/223
f 278/302/278 260/284/260 223/247/223
f 229/253/229 276/300/276 224/248/224
f 276/300/276 229/253/229 279/303/279
f 279/303/279 277/301/277 276/300/276
f 277/301/277 279/303/279 280/304/280
f 280/304/280 278/302/278 277/301/277
f 278/302/278 280/304/280 281/305/281
f 281/305/281 260/284/260 278/302/278
f 260/284/260 281/305/281 264/288/264
f 234/258/234 279/303/279 229/253/229
f 279/303/279 234/258/234 282/306/282
f 282/306/282 280/304/280 279/303/279
f 280/304/280 282/306/282 283/307/283
f 283/307/283 281/305/281 280/304/280
f 281/305/281 283/307/283 284/308/284
f 284/308/284 264/288/264 281/305/281
f 264/288/264 284/308/284 268/292/268
f 239/263/239 282/306/282 234/258/234
f 282/306/282 239/263/239 285/309/285
f 285/309/285 283/307/283 282/306/282
f 283/307/283 285/309/285 286/310/286
f 286/310/286 284/308/284 283/307/283
f 284/308/284 286/310/286 287/311/287
f 287/311/287 268/292/268 284/308/284
f 268/292/268 287/311/287 272/296/272
f 240/313/240 288/317/288 239/312/239
f 288/317/288 240/313/240 289/318/289
f 241/314/241 289/318/289 240/313/240
f 289/318/289 241/314/241 290/319/290
f 242/315/242 290/319/290 241/314/241
f 290/319/290 242/315/242 291/320/291
f 243/316/243 291/320/291 242/315/242
f 291/320/291 243/316/243 292/321/292
f 289/318/289 293/322/293 288/317/288
f 293/322/293 289/318/289 294/323/294
f 290/319/290 294/323/294 289/318/289
f 294/323/294 290/319/290 295/324/295
f 291/320/291 295/324/295 290/319/290
f 295/324/295 291/320/291 296/325/296
f 292/321/292 296/325/296 291/320/291
f 296/325/296 292/321/292 297/326/297
f 294/323/294 298/327/298 293/322/293
f 298/327/298 294/323/294 299/328/299
f 295/324/295 299/328/299 294/323/294
f 299/328/299 295/324/295 300/329/300
f 296/325/296 300/329/300 295/324/295
f 300/329/300 296/325/296 301/330/301
f 297/326/297 301/330/301 296/325/296
f 301/330/301 297/326/297 302/331/302
f 299/328/299 303/332/303 298/327/298
f 303/332/303 299/328/299 304/333/304
f 300/329/300 304/333/304 299/328/299
f 304/333/304 300/329/300 305/334/305
f 301/330/301 305/334/305 300/329/300
f 305/334/305 301/330/301 306/335/306
f 302/331/302 306/335/306 301/330/301
f 306/335/306 302/331/302 307/336/307
f 256/337/256 292/321/292 243/316/243
f 292/321/292 256/337/256 308/341/308
f 257/338/257 308/341/308 256/337/256
f 308/341/308 257/338/257 309/342/309
f 258/339/258 309/342/309 257/338/257
f 309/342/309 258/339/258 310/343/310
f 259/340/259 310/343/310 258/339/258
f 310/343/310 259/340/259 311/344/311
f 308/341/308 297/326/297 292/321/292
f 297/326/297 308/341/308 312/345/312
f 309/342/309 312/345/312 308/341/308
f 312/345/312 309/342/309 313/346/313
f 310/343/310 313/346/313 309/342/309
f 313/346/313 310/343/310 314/347/314
f 311/344/311 314/347/314 310/343/310
f 314/347/314 311/344/311 315/348/315
f 312/345/312 302/331/302 297/326/297
f 302/331/302 312/345/312 316/349/316
f 313/346/313 316/349/316 312/345/312
f 316/349/316 313/346/313 317/350/317
f 314/347/314 317/350/317 313/346/313
f 317/350/317 314/347/314 318/351/318
f 315/348/315 318/351/318 314/347/314
f 318/351/318 315/348/315 319/352/319
f 316/349/316 307/336/307 302/331/302
f 307/336/307 316/349/316 320/353/320
f 317/350/317 320/353/320 316/349/316
f 320/353/320 317/350/317 321/354/321
f 318/351/318 321/354/321 317/350/317
f 321/354/321 318/351/318 322/355/322
f 319/352/319 322/355/322 318/351/318
f 322/355/322 319/352/319 323/356/323
f 324/361/324 273/358/273 272/357/272
f 273/358/273 324/361/324 325/362/325
f 325/362/325 274/359/274 273/358/273
f 274/359/274 325/362/325 326/363/326
f 326/363/326 275/360/275 274/359/274
f 275/360/275 326/363/326 327/364/327
f 327/364/327 259/340/259 275/360/275
f 259/340/259 327/364/327 311/344/311
f 328/365/328 325/362/325 324/361/324
f 325/362/325 328/365/328 329/366/329
f 329/366/329 326/363/326 325/362/325
f 326/363/326 329/366/329 330/367/330
f 330/367/330 327/364/327 326/363/326
f 327/364/327 330/367/330 331/368/331
f 331/368/331 311/344/311 327/364/327
f 311/344/311 331/368/331 315/348/315
f 332/369/332 329/366/329 328/365/328
f 329/366/329 332/369/332 333/370/333
f 333/370/333 330/367/330 329/366/329
f 330/367/330 333/370/333 334/371/334
f 334/371/334 331/368/331 330/367/330
f 331/368/331 334/371/334 335/372/335
f 335/372/335 315/348/315 331/368/331
f 315/348/315 335/372/335 319/352/319
f 336/373/336 333/370/333 332/369/332
f 333/370/333 336/373/336 337/374/337
f 337/374/337 334/371/334 333/370/333
f 334/371/334 337/374/337 338/375/338
f 338/375/338 335/372/335 334/371/334
f 335/372/335 338/375/338 339/376/339
f 339/376/339 319/352/319 335/372/335
f 319/352/319 339/376/339 323/356/323
f 288/317/288 285/377/285 239/312/239
f 285/377/285 288/317/288 340/380/340
f 340/380/340 286/378/286 285/377/285
f 286/378/286 340/380/340 341/381/341
f 341/381/341 287/379/287 286/378/286
f 287/379/287 341/381/341 342/382/342
f 342/382/342 272/357/272 287/379/287
f 272/357/272 342/382/342 324/361/324
f 293/322/293 340/380/340 288/317/288
f 340/380/340 293/322/293 343/383/343
f 343/383/343 341/381/341 340/380/340
f 341/381/341 343/383/343 344/384/344
f 344/384/344 342/382/342 341/381/341
f 342/382/342 344/384/344 345/385/345
f 345/385/345 324/361/324 342/382/342
f 324/361/324 345/385/345 328/365/328
f 298/327/298 343/383/343 293/322/293
f 343/383/343 298/327/298 346/386/346
f 346/386/346 344/384/344 343/383/343
f 344/384/344 346/386/346 347/387/347
f 347/387/347 345/385/345 344/384/344
f 345/385/345 347/387/347 348/388/348
f 348/388/348 328/365/328 345/385/345
f 328/365/328 348/388/348 332/369/332
f 303/332/303 346/386/346 298/327/298
f 346/386/346 303/332/303 349/389/349
f 349/389/349 347/387/347 346/386/346
f 347/387/347 349/389/349 350/390/350
f 350/390/350 348/388/348 347/387/347
f 348/388/348 350/390/350 351/391/351
f 351/391/351 332/369/332 348/388/348
f 332/369/332 351/391/351 336/373/336
f 353/393/353 357/397/357 352/392/352
f 357/397/357 353/393/353 358/398/358
f 354/394/354 358/398/358 353/393/353
f 358/398/358 354/394/354 359/399/359
f 355/395/355 359/399/359 354/394/354
f 359/399/359 355/395/355 360/400/360
f 356/396/356 360/400/360 355/395/355
f 360/400/360 356/396/356 361/401/361
f 358/398/358 362/402/362 357/397/357
f 362/402/362 358/398/358 363/403/363
f 359/399/359 363/403/363 358/398/358
f 363/403/363 359/399/359 364/404/364
f 360/400/360 364/404/364 359/399/359
f 364/404/364 360/400/360 365/405/365
f 361/401/361 365/405/365 360/400/360
f 365/405/365 361/401/361 366/406/366
f 363/403/363 367/407/367 362/402/362
f 367/407/367 363/403/363 368/408/368
f 364/404/364 368/408/368 363/403/363
f 368/408/368 364/404/364 369/409/369
f 365/405/365 369/409/369 364/404/364
f 369/409/369 365/405/365 370/410/370
f 366/406/366 370/410/370 365/405/365
f 370/410/370 366/406/366 371/411/371
f 368/408/368 372/412/372 367/407/367
f 372/412/372 368/408/368 373/413/373
f 369/409/369 373/413/373 368/408/368
f 373/413/373 369/409/369 374/414/374
f 370/410/370 374/414/374 369/409/369
f 374/414/374 370/410/370 375/415/375
f 371/411/371 375/415/375 370/410/370
f 375/415/375 371/411/371 376/416/376
f 377/417/377 361/401/361 356/396/356
f 361/401/361 377/417/377 381/421/381
f 378/418/378 381/421/381 377/417/377
f 381/421/381 378/418/378 382/422/382
f 379/419/379 382/422/382 378/418/378
f 382/422/382 379/419/379 383/423/383
f 380/420/380 383/423/383 379/419/379
f 383/423/383 380/420/380 384/424/384
f 381/421/381 366/406/366 361/401/361
f 366/406/366 381/421/381 385/425/385
f 382/422/382 385/425/385 381/421/381
f 385/425/385 382/422/382 386/426/386
f 383/423/383 386/426/386 382/422/382
f 386/426/386 383/423/383 387/427/387
f 384/424/384 387/427/387 383/423/383
f 387/427/387 384/424/384 388/428/388
f 385/425/385 371/411/371 366/406/366
f 371/411/371 385/425/385 389/429/389
f 386/426/386 389/429/389 385/425/385
f 389/429/389 386/426/386 390/430/390
f 387/427/387 390/430/390 386/426/386
f 390/430/390 387/427/387 391/431/391
f 388/428/388 391/431/391 387/427/387
f 391/431/391 388/428/388 392/432/392
f 389/429/389 376/416/376 371/411/371
f 376/416/376 389/429/389 393/433/393
f 390/430/390 393/433/393 389/429/389
f 393/433/393 390/430/390 394/434/394
f 391/431/391 394/434/394 390/430/390
f 394/434/394 391/431/391 395/435/395
f 392/432/392 395/435/395 391/431/391
f 395/435/395 392/432/392 396/436/396
f 401/441/401 398/438/398 397/437/397
f 398/438/398 401/441/401 402/442/402
f 402/442/402 399/439/399 398/438/398
f 399/439/399 402/442/402 403/443/403
f 403/443/403 400/440/400 399/439/399
f 400/440/400 403/443/403 404/444/404
f 404/444/404 380/420/380 400/440/400
f 380/420/380 404/444/404 384/424/384
f 405/445/405 402/442/402 401/441/401
f 402/442/402 405/445/405 406/446/406
f 406/446/406 403/443/403 402/442/402
f 403/443/403 406/446/406 407/447/407
f 407/447/407 404/444/404 403/443/403
f 404/444/404 407/447/407 408/448/408
f 408/448/408 384/424/384 404/444/404
f 384/424/384 408/448/408 388/428/388
f 409/449/409 406/446/406 405/445/405
f 406/446/406 409/449/409 410/450/410
f 410/450/410 407/447/407 406/446/406
f 407/447/407 410/450/410 411/451/411
f 411/451/411 408/448/408 407/447/407
f 408/448/408 411/451/411 412/452/412
f 412/452/412 388/428/388 408/448/408
f 388/428/388 412/452/412 392/432/392
f 413/453/413 410/450/410 409/449/409
f 410/450/410 413/453/413 414/454/414
f 414/454/414 411/451/411 410/450/410
f 411/451/411 414/454/414 415/455/415
f 415/455/415 412/452/412 411/451/411
f 412/452/412 415/455/415 416/456/416
f 416/456/416 392/432/392 412/452/412
f 392/432/392 416/456/416 396/436/396
f 357/461/357 417/458/417 352/457/352
f 417/458/417 357/461/357 420/462/420
f 420/462/420 418/459/418 417/458/417
f 418/459/418 420/462/420 421/463/421
f 421/463/421 419/460/419 418/459/418
f 419/460/419 421/463/421 422/464/422
f 422/464/422 397/437/397 419/460/419
f 397/437/397 422/464/422 401/441/401
f 362/465/362 420/462/420 357/461/357
f 420/462/420 362/465/362 423/466/423
f 423/466/423 421/463/421 420/462/420
f 421/463/421 423/466/423 424/467/424
f 424/467/424 422/464/422 421/463/421
f 422/464/422 424/467/424 425/468/425
f 425/468/425 401/441/401 422/464/422
f 401/441/401 425/468/425 405/445/405
f 367/469/367 423/466/423 362/465/362
f 423/466/423 367/469/367 426/470/426
f 426/470/426 424/467/424 423/466/423
f 424/467/424 426/470/426 427/471/427
f 427/471/427 425/468/425 424/467/424
f 425/468/425 427/471/427 428/472/428
f 428/472/428 405/445/405 425/468/425
f 405/445/405 428/472/428 409/449/409
f 372/473/372 426/470/426 367/469/367
f 426/470/426 372/473/372 429/474/429
f 429/474/429 427/471/427 426/470/426
f 427/471/427 429/474/429 430/475/430
f 430/475/430 428/472/428 427/471/427
f 428/472/428 430/475/430 431/476/431
f 431/476/431 409/449/409 428/472/428
f 409/449/409 431/476/431 413/453/413
f 374/414/374 432/477/432 373/413/373
f 432/477/432 374/414/374 433/478/433
f 375/415/375 433/478/433 374/414/374
f 433/478/433 375/415/375 434/479/434
f 376/416/376 434/479/434 375/415/375
f 434/479/434 376/416/376 435/480/435
f 433/478/433 437/482/437 432/477/432
f 437/482/437 433/478/433 438/483/438
f 434/479/434 438/483/438 433/478/433
f 438/483/438 434/479/434 439/484/439
f 435/480/435 439/484/439 434/479/434
f 439/484/439 435/480/435 440/485/440
f 437/482/437 441/486/441 436/481/436
f 441/486/441 437/482/437 442/487/442
f 438/483/438 442/487/442 437/482/437
f 442/487/442 438/483/438 443/488/443
f 439/484/439 443/488/443 438/483/438
f 443/488/443 439/484/439 444/489/444
f 440/485/440 444/489/444 439/484/439
f 444/489/444 440/485/440 445/490/445
f 443/488/443 446/491/446 442/487/442
f 446/491/446 443/488/443 447/492/447
f 444/489/444 447/492/447 443/488/443
f 447/492/447 444/489/444 448/493/448
f 445/490/445 448/493/448 444/489/444
f 448/493/448 445/490/445 449/494/449
f 30/496/30 28/495/28 372/412/372
f 30/496/30 372/412/372 373/413/373
f 32/497/32 30/496/30 373/413/373
f 32/497/32 373/413/373 432/477/432
f 32/497/32 432/477/432 34/498/34
f 36/499/36 34/498/34 432/477/432
f 36/499/36 432/477/432 437/482/437
f 36/499/36 436/481/436 38/500/38
f 36/499/36 437/482/437 436/481/436
f 88/502/88 86/501/86 441/486/441
f 88/502/88 441/486/441 442/487/442
f 88/502/88 442/487/442 446/491/446
f 90/503/90 88/502/88 446/491/446
f 393/433/393 435/480/435 376/416/376
f 435/480/435 393/433/393 450/504/450
f 394/434/394 450/504/450 393/433/393
f 450/504/450 394/434/394 451/505/451
f 395/435/395 451/505/451 394/434/394
f 451/505/451 395/435/395 452/506/452
f 396/436/396 452/506/452 395/435/395
f 452/506/452 396/436/396 453/507/453
f 450/504/450 440/485/440 435/480/435
f 440/485/440 450/504/450 454/508/454
f 451/505/451 454/508/454 450/504/450
f 454/508/454 451/505/451 455/509/455
f 452/506/452 455/509/455 451/505/451
f 455/509/455 452/506/452 456/510/456
f 453/507/453 456/510/456 452/506/452
f 456/510/456 453/507/453 457/511/457
f 454/508/454 445/490/445 440/485/440
f 445/490/445 454/508/454 458/512/458
f 455/509/455 458/512/458 454/508/454
f 458/512/458 455/509/455 459/513/459
f 456/510/456 459/513/459 455/509/455
f 459/513/459 456/510/456 460/514/460
f 458/512/458 449/494/449 445/490/445
f 449/494/449 458/512/458 461/515/461
f 459/513/459 461/515/461 458/512/458
f 461/515/461 459/513/459 462/516/462
f 460/514/460 462/516/462 459/513/459
f 462/516/462 460/514/460 463/517/463
f 186/518/186 188/519/188 456/510/456
f 186/518/186 456/510/456 457/511/457
f 190/520/190 456/510/456 188/519/188
f 190/520/190 460/514/460 456/510/456
f 192/521/192 460/514/460 190/520/190
f 192/521/192 463/517/463 460/514/460
f 192/521/192 194/522/194 463/517/463
f 464/523/464 414/454/414 413/453/413
f 414/454/414 464/523/464 465/524/465
f 465/524/465 415/455/415 414/454/414
f 415/455/415 465/524/465 466/525/466
f 466/525/466 416/456/416 415/455/415
f 416/456/416 466/525/466 467/526/467
f 467/526/467 396/436/396 416/456/416
f 396/436/396 467/526/467 453/507/453
f 468/527/468 465/524/465 464/523/464
f 465/524/465 468/527/468 469/528/469
f 469/528/469 466/525/466 465/524/465
f 466/525/466 469/528/469 470/529/470
f 470/529/470 467/526/467 466/525/466
f 467/526/467 470/529/470 471/530/471
f 471/530/471 453/507/453 467/526/467
f 453/507/453 471/530/471 457/511/457
f 472/531/472 469/528/469 468/527/468
f 469/528/469 472/531/472 473/532/473
f 473/532/473 470/529/470 469/528/469
f 470/529/470 473/532/473 474/533/474
f 474/533/474 471/530/471 470/529/470
f 471/530/471 474/533/474 475/534/475
f 476/535/476 473/532/473 472/531/472
f 473/532/473 476/535/476 477/536/477
f 477/536/477 474/533/474 473/532/473
f 474/533/474 477/536/477 478/537/478
f 478/537/478 475/534/475 474/533/474
f 475/534/475 478/537/478 479/538/479
f 471/530/471 214/539/214 186/518/186
f 457/511/457 471/530/471 186/518/186
f 214/539/214 471/530/471 216/540/216
f 471/530/471 475/534/475 216/540/216
f 216/540/216 475/534/475 218/541/218
f 475/534/475 479/538/479 218/541/218
f 479/538/479 220/542/220 218/541/218
f 480/543/480 430/475/430 429/474/429
f 430/475/430 480/543/480 481/544/481
f 481/544/481 431/476/431 430/475/430
f 431/476/431 481/544/481 482/545/482
f 482/545/482 413/453/413 431/476/431
f 413/453/413 482/545/482 464/523/464
f 483/547/483 481/544/481 480/543/480
f 481/544/481 483/547/483 484/548/484
f 484/548/484 482/545/482 481/544/481
f 482/545/482 484/548/484 485/549/485
f 485/549/485 464/523/464 482/545/482
f 464/523/464 485/549/485 468/527/468
f 441/550/441 483/547/483 436/546/436
f 483/547/483 441/550/441 486/551/486
f 486/551/486 484/548/484 483/547/483
f 484/548/484 486/551/486 487/552/487
f 487/552/487 485/549/485 484/548/484
f 485/549/485 487/552/487 488/553/488
f 488/553/488 468/527/468 485/549/485
f 468/527/468 488/553/488 472/531/472
f 489/554/489 487/552/487 486/551/486
f 487/552/487 489/554/489 490/555/490
f 490/555/490 488/553/488 487/552/487
f 488/553/488 490/555/490 491/556/491
f 491/556/491 472/531/472 488/553/488
f 472/531/472 491/556/491 476/535/476
f 372/473/372 28/557/28 56/558/56
f 429/474/429 372/473/372 56/558/56
f 429/474/429 56/558/56 58/559/58
f 480/543/480 429/474/429 58/559/58
f 60/560/60 480/543/480 58/559/58
f 480/543/480 60/560/60 62/561/62
f 483/547/483 480/543/480 62/561/62
f 38/562/38 436/546/436 62/561/62
f 436/546/436 483/547/483 62/561/62
f 441/550/441 86/563/86 114/564/114
f 486/551/486 441/550/441 114/564/114
f 489/554/489 486/551/486 114/564/114
f 489/554/489 114/564/114 116/565/116
f 447/492/447 492/566/492 446/491/446
f 492/566/492 447/492/447 493/567/493
f 448/493/448 493/567/493 447/492/447
f 493/567/493 448/493/448 494/568/494
f 449/494/449 494/568/494 448/493/448
f 494/568/494 449/494/449 495/569/495
f 493/567/493 497/571/497 492/566/492
f 497/571/497 493/567/493 498/572/498
f 494/568/494 498/572/498 493/567/493
f 498/572/498 494/568/494 499/573/499
f 495/569/495 499/573/499 494/568/494
f 499/573/499 495/569/495 500/574/500
f 497/571/497 501/575/501 496/570/496
f 501/575/501 497/571/497 502/576/502
f 498/572/498 502/576/502 497/571/497
f 502/576/502 498/572/498 503/577/503
f 499/573/499 503/577/503 498/572/498
f 503/577/503 499/573/499 504/578/504
f 500/574/500 504/578/504 499/573/499
f 504/578/504 500/574/500 505/579/505
f 502/576/502 506/580/506 501/575/501
f 506/580/506 502/576/502 507/581/507
f 503/577/503 507/581/507 502/576/502
f 507/581/507 503/577/503 508/582/508
f 504/578/504 508/582/508 503/577/503
f 508/582/508 504/578/504 509/583/509
f 505/579/505 509/583/509 504/578/504
f 509/583/509 505/579/505 510/584/510
f 92/585/92 90/503/90 446/491/446
f 92/585/92 446/491/446 492/566/492
f 92/585/92 492/566/492 94/586/94
f 94/586/94 492/566/492 96/587/96
f 96/587/96 496/570/496 98/588/98
f 96/587/96 497/571/497 496/570/496
f 96/587/96 492/566/492 497/571/497
f 461/515/461 495/569/495 449/494/449
f 495/569/495 461/515/461 511/589/511
f 462/516/462 511/589/511 461/515/461
f 511/589/511 462/516/462 512/590/512
f 463/517/463 512/590/512 462/516/462
f 512/590/512 463/517/463 513/591/513
f 511/589/511 500/574/500 495/569/495
f 500/574/500 511/589/511 515/593/515
f 512/590/512 515/593/515 511/589/511
f 515/593/515 512/590/512 516/594/516
f 513/591/513 516/594/516 512/590/512
f 516/594/516 513/591/513 517/595/517
f 514/592/514 517/595/517 513/591/513
f 517/595/517 514/592/514 518/596/518
f 515/593/515 505/579/505 500/574/500
f 505/579/505 515/593/515 519/597/519
f 516/594/516 519/597/519 515/593/515
f 519/597/519 516/594/516 520/598/520
f 517/595/517 520/598/520 516/594/516
f 520/598/520 517/595/517 521/599/521
f 518/596/518 521/599/521 517/595/517
f 521/599/521 518/596/518 522/600/522
f 519/597/519 510/584/510 505/579/505
f 510/584/510 519/597/519 523/601/523
f 520/598/520 523/601/523 519/597/519
f 523/601/523 520/598/520 524/602/524
f 521/599/521 524/602/524 520/598/520
f 524/602/524 521/599/521 525/603/525
f 522/600/522 525/603/525 521/599/521
f 525/603/525 522/600/522 526/604/526
f 196/605/196 463/517/463 194/522/194
f 196/605/196 513/591/513 463/517/463
f 198/606/198 513/591/513 196/605/196
f 198/606/198 514/592/514 513/591/513
f 527/607/527 477/536/477 476/535/476
f 477/536/477 527/607/527 528/608/528
f 528/608/528 478/537/478 477/536/477
f 478/537/478 528/608/528 529/609/529
f 529/609/529 479/538/479 478/537/478
f 479/538/479 529/609/529 530/610/530
f 531/611/531 528/608/528 527/607/527
f 528/608/528 531/611/531 532/612/532
f 532/612/532 529/609/529 528/608/528
f 529/609/529 532/612/532 533/613/533
f 533/613/533 530/610/530 529/609/529
f 530/610/530 533/613/533 534/614/534
f 534/614/534 514/592/514 530/610/530
f 514/592/514 534/614/534 518/596/518
f 535/615/535 532/612/532 531/611/531
f 532/612/532 535/615/535 536/616/536
f 536/616/536 533/613/533 532/612/532
f 533/613/533 536/616/536 537/617/537
f 537/617/537 534/614/534 533/613/533
f 534/614/534 537/617/537 538/618/538
f 538/618/538 518/596/518 534/614/534
f 518/596/518 538/618/538 522/600/522
f 539/619/539 536/616/536 535/615/535
f 536/616/536 539/619/539 540/620/540
f 540/620/540 537/617/537 536/616/536
f 537/617/537 540/620/540 541/621/541
f 541/621/541 538/618/538 537/617/537
f 538/618/538 541/621/541 542/622/542
f 542/622/542 522/600/522 538/618/538
f 522/600/522 542/622/542 526/604/526
f 220/542/220 479/538/479 222/623/222
f 479/538/479 530/610/530 222/623/222
f 222/623/222 530/610/530 198/606/198
f 530/610/530 514/592/514 198/606/198
f 543/624/543 490/555/490 489/554/489
f 490/555/490 543/624/543 544/625/544
f 544/625/544 491/556/491 490/555/490
f 491/556/491 544/625/544 545/626/545
f 545/626/545 476/535/476 491/556/491
f 476/535/476 545/626/545 527/607/527
f 546/628/546 544/625/544 543/624/543
f 544/625/544 546/628/546 547/629/547
f 547/629/547 545/626/545 544/625/544
f 545/626/545 547/629/547 548/630/548
f 548/630/548 527/607/527 545/626/545
f 527/607/527 548/630/548 531/611/531
f 501/631/501 546/628/546 496/627/496
f 546/628/546 501/631/501 549/632/549
f 549/632/549 547/629/547 546/628/546
f 547/629/547 549/632/549 550/633/550
f 550/633/550 548/630/548 547/629/547
f 548/630/548 550/633/550 551/634/551
f 551/634/551 531/611/531 548/630/548
f 531/611/531 551/634/551 535/615/535
f 506/635/506 549/632/549 501/631/501
f 549/632/549 506/635/506 552/636/552
f 552/636/552 550/633/550 549/632/549
f 550/633/550 552/636/552 553/637/553
f 553/637/553 551/634/551 550/633/550
f 551/634/551 553/637/553 554/638/554
f 554/638/554 535/615/535 551/634/551
f 535/615/535 554/638/554 539/619/539
f 489/554/489 116/565/116 118/639/118
f 543/624/543 489/554/489 118/639/118
f 120/640/120 543/624/543 118/639/118
f 122/641/122 543/624/543 120/640/120
f 98/642/98 496/627/496 122/641/122
f 496/627/496 546/628/546 122/641/122
f 546/628/546 543/624/543 122/641/122
f 507/644/507 555/648/555 506/643/506
f 555/648/555 507/644/507 556/649/556
f 508/645/508 556/649/556 507/644/507
f 556/649/556 508/645/508 557/650/557
f 509/646/509 557/650/557 508/645/508
f 557/650/557 509/646/509 558/651/558
f 510/647/510 558/651/558 509/646/509
f 558/651/558 510/647/510 559/652/559
f 556/649/556 560/653/560 555/648/555
f 560/653/560 556/649/556 561/654/561
f 557/650/557 561/654/561 556/649/556
f 561/654/561 557/650/557 562/655/562
f 558/651/558 562/655/562 557/650/557
f 562/655/562 558/651/558 563/656/563
f 559/652/559 563/656/563 558/651/558
f 563/656/563 559/652/559 564/657/564
f 561/654/561 565/658/565 560/653/560
f 565/658/565 561/654/561 566/659/566
f 562/655/562 566/659/566 561/654/561
f 566/659/566 562/655/562 567/660/567
f 563/656/563 567/660/567 562/655/562
f 567/660/567 563/656/563 568/661/568
f 564/657/564 568/661/568 563/656/563
f 568/661/568 564/657/564 569/662/569
f 566/659/566 570/663/570 565/658/565
f 567/660/567 570/663/570 566/659/566
f 568/661/568 570/663/570 567/660/567
f 569/662/569 570/663/570 568/661/568
f 523/664/523 559/652/559 510/647/510
f 559/652/559 523/664/523 571/668/571
f 524/665/524 571/668/571 523/664/523
f 571/668/571 524/665/524 572/669/572
f 525/666/525 572/669/572 524/665/524
f 572/669/572 525/666/525 573/670/573
f 526/667/526 573/670/573 525/666/525
f 573/670/573 526/667/526 574/671/574
f 571/668/571 564/657/564 559/652/559
f 564/657/564 571/668/571 575/672/575
f 572/669/572 575/672/575 571/668/571
f 575/672/575 572/669/572 576/673/576
f 573/670/573 576/673/576 572/669/572
f 576/673/576 573/670/573 577/674/577
f 574/671/574 577/674/577 573/670/573
f 577/674/577 574/671/574 578/675/578
f 575/672/575 569/662/569 564/657/564
f 569/662/569 575/672/575 579/676/579
f 576/673/576 579/676/579 575/672/575
f 579/676/579 576/673/576 580/677/580
f 577/674/577 580/677/580 576/673/576
f 580/677/580 577/674/577 581/678/581
f 578/675/578 581/678/581 577/674/577
f 581/678/581 578/675/578 582/679/582
f 579/676/579 570/663/570 569/662/569
f 580/677/580 570/663/570 579/676/579
f 581/678/581 570/663/570 580/677/580
f 582/679/582 570/663/570 581/678/581
f 583/684/583 540/681/540 539/680/539
f 540/681/540 583/684/583 584/685/584
f 584/685/584 541/682/541 540/681/540
f 541/682/541 584/685/584 585/686/585
f 585/686/585 542/683/542 541/682/541
f 542/683/542 585/686/585 586/687/586
f 586/687/586 526/667/526 542/683/542
f 526/667/526 586/687/586 574/671/574
f 587/688/587 584/685/584 583/684/583
f 584/685/584 587/688/587 588/689/588
f 588/689/588 585/686/585 584/685/584
f 585/686/585 588/689/588 589/690/589
f 589/690/589 586/687/586 585/686/585
f 586/687/586 589/690/589 590/691/590
f 590/691/590 574/671/574 586/687/586
f 574/671/574 590/691/590 578/675/578
f 591/692/591 588/689/588 587/688/587
f 588/689/588 591/692/591 592/693/592
f 592/693/592 589/690/589 588/689/588
f 589/690/589 592/693/592 593/694/593
f 593/694/593 590/691/590 589/690/589
f 590/691/590 593/694/593 594/695/594
f 594/695/594 578/675/578 590/691/590
f 578/675/578 594/695/594 582/679/582
f 591/692/591 570/663/570 592/693/592
f 592/693/592 570/663/570 593/694/593
f 593/694/593 570/663/570 594/695/594
f 594/695/594 570/663/570 582/679/582
f 555/648/555 552/696/552 506/643/506
f 552/696/552 555/648/555 595/699/595
f 595/699/595 553/697/553 552/696/552
f 553/697/553 595/699/595 596/700/596
f 596/700/596 554/698/554 553/697/553
f 554/698/554 596/700/596 597/701/597
f 597/701/597 539/680/539 554/698/554
f 539/680/539 597/701/597 583/684/583
f 560/653/560 595/699/595 555/648/555
f 595/699/595 560/653/560 598/702/598
f 598/702/598 596/700/596 595/699/595
f 596/700/596 598/702/598 599/703/599
f 599/703/599 597/701/597 596/700/596
f 597/701/597 599/703/599 600/704/600
f 600/704/600 583/684/583 597/701/597
f 583/684/583 600/704/600 587/688/587
f 565/658/565 598/702/598 560/653/560
f 598/702/598 565/658/565 601/705/601
f 601/705/601 599/703/599 598/702/598
f 599/703/599 601/705/601 602/706/602
f 602/706/602 600/704/600 599/703/599
f 600/704/600 602/706/602 603/707/603
f 603/707/603 587/688/587 600/704/600
f 587/688/587 603/707/603 591/692/591
f 565/658/565 570/663/570 601/705/601
f 601/705/601 570/663/570 602/706/602
f 602/706/602 570/663/570 603/707/603
f 603/707/603 570/663/570 591/692/591
f 605/709/605 609/713/609 604/708/604
f 609/713/609 605/709/605 610/714/610
f 606/710/606 610/714/610 605/709/605
f 610/714/610 606/710/606 611/715/611
f 607/711/607 611/715/611 606/710/606
f 611/715/611 607/711/607 612/716/612
f 608/712/608 612/716/612 607/711/607
f 612/716/612 608/712/608 613/717/613
f 610/714/610 614/718/614 609/713/609
f 614/718/614 610/714/610 615/719/615
f 611/715/611 615/719/615 610/714/610
f 615/719/615 611/715/611 616/720/616
f 612/716/612 616/720/616 611/715/611
f 616/720/616 612/716/612 617/721/617
f 613/717/613 617/721/617 612/716/612
f 617/721/617 613/717/613 618/722/618
f 615/719/615 123/136/123 614/718/614
f 123/136/123 615/719/615 124/137/124
f 616/720/616 124/137/124 615/719/615
f 124/137/124 616/720/616 125/138/125
f 617/721/617 125/138/125 616/720/616
f 125/138/125 617/721/617 126/139/126
f 618/722/618 126/139/126 617/721/617
f 126/139/126 618/722/618 127/140/127
f 621/724/621 622/725/622 605/709/605
f 621/724/621 605/709/605 604/708/604
f 623/726/623 605/709/605 622/725/622
f 623/726/623 606/710/606 605/709/605
f 623/726/623 624/727/624 606/710/606
f 625/728/625 606/710/606 624/727/624
f 625/728/625 607/711/607 606/710/606
f 625/728/625 626/729/626 607/711/607
f 626/729/626 627/730/627 608/712/608
f 626/729/626 608/712/608 607/711/607
f 621/724/621 630/733/630 622/725/622
f 630/733/630 621/724/621 628/731/628
f 628/731/628 631/734/631 630/733/630
f 631/734/631 628/731/628 629/732/629
f 622/725/622 632/735/632 623/726/623
f 632/735/632 622/725/622 630/733/630
f 630/733/630 633/736/633 632/735/632
f 633/736/633 630/733/630 631/734/631
f 623/726/623 634/737/634 624/727/624
f 634/737/634 623/726/623 632/735/632
f 632/735/632 635/738/635 634/737/634
f 635/738/635 632/735/632 633/736/633
f 624/727/624 636/739/636 625/728/625
f 636/739/636 624/727/624 634/737/634
f 634/737/634 637/740/637 636/739/636
f 637/740/637 634/737/634 635/738/635
f 625/728/625 638/741/638 626/729/626
f 638/741/638 625/728/625 636/739/636
f 636/739/636 639/742/639 638/741/638
f 639/742/639 636/739/636 637/740/637
f 626/729/626 640/743/640 627/730/627
f 640/743/640 626/729/626 638/741/638
f 638/741/638 641/744/641 640/743/640
f 641/744/641 638/741/638 639/742/639
f 609/749/609 642/746/642 604/745/604
f 642/746/642 609/749/609 645/750/645
f 645/750/645 643/747/643 642/746/642
f 643/747/643 645/750/645 646/751/646
f 646/751/646 644/748/644 643/747/643
f 644/748/644 646/751/646 647/752/647
f 647/752/647 608/712/608 644/748/644
f 608/712/608 647/752/647 613/717/613
f 614/753/614 645/750/645 609/749/609
f 645/750/645 614/753/614 648/754/648
f 648/754/648 646/751/646 645/750/645
f 646/751/646 648/754/648 649/755/649
f 649/755/649 647/752/647 646/751/646
f 647/752/647 649/755/649 650/756/650
f 650/756/650 613/717/613 647/752/647
f 613/717/613 650/756/650 618/722/618
f 619/757/619 648/754/648 614/753/614
f 648/754/648 619/757/619 651/758/651
f 651/758/651 649/755/649 648/754/648
f 649/755/649 651/758/651 652/759/652
f 652/759/652 650/756/650 649/755/649
f 650/756/650 652/759/652 653/760/653
f 653/760/653 618/722/618 650/756/650
f 618/722/618 653/760/653 620/723/620
f 642/746/642 654/762/654 621/761/621
f 604/745/604 642/746/642 621/761/621
f 654/762/654 642/746/642 655/763/655
f 642/746/642 643/747/643 655/763/655
f 643/747/643 656/764/656 655/763/655
f 656/764/656 643/747/643 657/765/657
f 643/747/643 644/748/644 657/765/657
f 644/748/644 658/766/658 657/765/657
f 608/712/608 627/730/627 658/766/658
f 644/748/644 608/712/608 658/766/658
f 659/769/659 621/761/621 654/762/654
f 621/761/621 659/769/659 628/767/628
f 660/770/660 628/767/628 659/769/659
f 628/767/628 660/770/660 629/768/629
f 661/771/661 654/762/654 655/763/655
f 654/762/654 661/771/661 659/769/659
f 662/772/662 659/769/659 661/771/661
f 659/769/659 662/772/662 660/770/660
f 663/773/663 655/763/655 656/764/656
f 655/763/655 663/773/663 661/771/661
f 664/774/664 661/771/661 663/773/663
f 661/771/661 664/774/664 662/772/662
f 665/775/665 656/764/656 657/765/657
f 656/764/656 665/775/665 663/773/663
f 666/776/666 663/773/663 665/775/665
f 663/773/663 666/776/666 664/774/664
f 667/777/667 657/765/657 658/766/658
f 657/765/657 667/777/667 665/775/665
f 668/778/668 665/775/665 667/777/667
f 665/775/665 668/778/668 666/776/666
f 640/743/640 658/766/658 627/730/627
f 658/766/658 640/743/640 667/777/667
f 641/744/641 667/777/667 640/743/640
f 667/777/667 641/744/641 668/778/668
f 669/779/669 671/781/671 670/780/670
f 669/779/669 672/782/672 671/781/671
f 669/779/669 673/783/673 672/782/672
f 669/779/669 674/784/674 673/783/673
f 671/781/671 675/785/675 670/780/670
f 675/785/675 671/781/671 676/786/676
f 672/782/672 676/786/676 671/781/671
f 676/786/676 672/782/672 677/787/677
f 673/783/673 677/787/677 672/782/672
f 677/787/677 673/783/673 678/788/678
f 674/784/674 678/788/678 673/783/673
f 678/788/678 674/784/674 679/789/679
f 676/786/676 680/790/680 675/785/675
f 680/790/680 676/786/676 681/791/681
f 677/787/677 681/791/681 676/786/676
f 681/791/681 677/787/677 682/792/682
f 678/788/678 682/792/682 677/787/677
f 682/792/682 678/788/678 683/793/683
f 679/789/679 683/793/683 678/788/678
f 683/793/683 679/789/679 684/794/684
f 681/791/681 685/795/685 680/790/680
f 685/795/685 681/791/681 686/796/686
f 682/792/682 686/796/686 681/791/681
f 686/796/686 682/792/682 687/797/687
f 683/793/683 687/797/687 682/792/682
f 687/797/687 683/793/683 688/798/688
f 684/794/684 688/798/688 683/793/683
f 688/798/688 684/794/684 689/799/689
f 669/779/669 690/800/690 674/784/674
f 669/779/669 691/801/691 690/800/690
f 669/779/669 692/802/692 691/801/691
f 669/779/669 693/803/693 692/802/692
f 690/800/690 679/789/679 674/784/674
f 679/789/679 690/800/690 694/804/694
f 691/801/691 694/804/694 690/800/690
f 694/804/694 691/801/691 695/805/695
f 692/802/692 695/805/695 691/801/691
f 695/805/695 692/802/692 696/806/696
f 693/803/693 696/806/696 692/802/692
f 696/806/696 693/803/693 697/807/697
f 694/804/694 684/794/684 679/789/679
f 684/794/684 694/804/694 698/808/698
f 695/805/695 698/808/698 694/804/694
f 698/808/698 695/805/695 699/809/699
f 696/806/696 699/809/699 695/805/695
f 699/809/699 696/806/696 700/810/700
f 697/807/697 700/810/700 696/806/696
f 700/810/700 697/807/697 701/811/701
f 698/808/698 689/799/689 684/794/684
f 689/799/689 698/808/698 702/812/702
f 699/809/699 702/812/702 698/808/698
f 702/812/702 699/809/699 703/813/703
f 700/810/700 703/813/703 699/809/699
f 703/813/703 700/810/700 704/814/704
f 701/811/701 704/814/704 700/810/700
f 704/814/704 701/811/701 705/815/705
f 706/816/706 707/817/707 669/779/669
f 707/817/707 708/818/708 669/779/669
f 708/818/708 709/819/709 669/779/669
f 709/819/709 693/803/693 669/779/669
f 710/820/710 707/817/707 706/816/706
f 707/817/707 710/820/710 711/821/711
f 711/821/711 708/818/708 707/817/707
f 708/818/708 711/821/711 712/822/712
f 712/822/712 709/819/709 708/818/708
f 709/819/709 712/822/712 713/823/713
f 713/823/713 693/803/693 709/819/709
f 693/803/693 713/823/713 697/807/697
f 714/824/714 711/821/711 710/820/710
f 711/821/711 714/824/714 715/825/715
f 715/825/715 712/822/712 711/821/711
f 712/822/712 715/825/715 716/826/716
f 716/826/716 713/823/713 712/822/712
f 713/823/713 716/826/716 717/827/717
f 717/827/717 697/807/697 713/823/713
f 697/807/697 717/827/717 701/811/701
f 718/828/718 715/825/715 714/824/714
f 715/825/715 718/828/718 719/829/719
f 719/829/719 716/826/716 715/825/715
f 716/826/716 719/829/719 720/830/720
f 720/830/720 717/827/717 716/826/716
f 717/827/717 720/830/720 721/831/721
f 721/831/721 701/811/701 717/827/717
f 701/811/701 721/831/721 705/815/705
f 670/780/670 722/832/722 669/779/669
f 722/832/722 723/833/723 669/779/669
f 723/833/723 724/834/724 669/779/669
f 724/834/724 706/816/706 669/779/669
f 675/785/675 722/832/722 670/780/670
f 722/832/722 675/785/675 725/835/725
f 725/835/725 723/833/723 722/832/722
f 723/833/723 725/835/725 726/836/726
f 726/836/726 724/834/724 723/833/723
f 724/834/724 726/836/726 727/837/727
f 727/837/727 706/816/706 724/834/724
f 706/816/706 727/837/727 710/820/710
f 680/790/680 725/835/725 675/785/675
f 725/835/725 680/790/680 728/838/728
f 728/838/728 726/836/726 725/835/725
f 726/836/726 728/838/728 729/839/729
f 729/839/729 727/837/727 726/836/726
f 727/837/727 729/839/729 730/840/730
f 730/840/730 710/820/710 727/837/727
f 710/820/710 730/840/730 714/824/714
f 685/795/685 728/838/728 680/790/680
f 728/838/728 685/795/685 731/841/731
f 731/841/731 729/839/729 728/838/728
f 729/839/729 731/841/731 732/842/732
f 732/842/732 730/840/730 729/839/729
f 730/840/730 732/842/732 733/843/733
f 733/843/733 714/824/714 730/840/730
f 714/824/714 733/843/733 718/828/718
f 686/845/686 734/849/734 685/844/685
f 734/849/734 686/845/686 735/850/735
f 687/846/687 735/850/735 686/845/686
f 735/850/735 687/846/687 736/851/736
f 688/847/688 736/851/736 687/846/687
f 736/851/736 688/847/688 737/852/737
f 689/848/689 737/852/737 688/847/688
f 737/852/737 689/848/689 738/853/738
f 735/850/735 739/854/739 734/849/734
f 739/854/739 735/850/735 740/855/740
f 736/851/736 740/855/740 735/850/735
f 740/855/740 736/851/736 741/856/741
f 737/852/737 741/856/741 736/851/736
f 741/856/741 737/852/737 742/857/742
f 738/853/738 742/857/742 737/852/737
f 742/857/742 738/853/738 743/858/743
f 740/855/740 744/859/744 739/854/739
f 744/859/744 740/855/740 745/860/745
f 741/856/741 745/860/745 740/855/740
f 745/860/745 741/856/741 746/861/746
f 742/857/742 746/861/746 741/856/741
f 746/861/746 742/857/742 747/862/747
f 743/858/743 747/862/747 742/857/742
f 747/862/747 743/858/743 748/863/748
f 745/860/745 749/864/749 744/859/744
f 749/864/749 745/860/745 750/865/750
f 746/861/746 750/865/750 745/860/745
f 750/865/750 746/861/746 751/866/751
f 747/862/747 751/866/751 746/861/746
f 751/866/751 747/862/747 752/867/752
f 748/863/748 752/867/752 747/862/747
f 752/867/752 748/863/748 753/868/753
f 702/869/702 738/853/738 689/848/689
f 738/853/738 702/869/702 754/873/754
f 703/870/703 754/873/754 702/869/702
f 754/873/754 703/870/703 755/874/755
f 704/871/704 755/874/755 703/870/703
f 755/874/755 704/871/704 756/875/756
f 705/872/705 756/875/756 704/871/704
f 756/875/756 705/872/705 757/876/757
f 754/873/754 743/858/743 738/853/738
f 743/858/743 754/873/754 758/877/758
f 755/874/755 758/877/758 754/873/754
f 758/877/758 755/874/755 759/878/759
f 756/875/756 759/878/759 755/874/755
f 759/878/759 756/875/756 760/879/760
f 757/876/757 760/879/760 756/875/756
f 760/879/760 757/876/757 761/880/761
f 758/877/758 748/863/748 743/858/743
f 748/863/748 758/877/758 762/881/762
f 759/878/759 762/881/762 758/877/758
f 762/881/762 759/878/759 763/882/763
f 760/879/760 763/882/763 759/878/759
f 763/882/763 760/879/760 764/883/764
f 761/880/761 764/883/764 760/879/760
f 764/883/764 761/880/761 765/884/765
f 762/881/762 753/868/753 748/863/748
f 753/868/753 762/881/762 766/885/766
f 763/882/763 766/885/766 762/881/762
f 766/885/766 763/882/763 767/886/767
f 764/883/764 767/886/767 763/882/763
f 767/886/767 764/883/764 768/887/768
f 639/889/639 637/888/637 768/887/768
f 639/889/639 768/887/768 764/883/764
f 639/889/639 765/884/765 641/890/641
f 639/889/639 764/883/764 765/884/765
f 769/895/769 719/892/719 718/891/718
f 719/892/719 769/895/769 770/896/770
f 770/896/770 720/893/720 719/892/719
f 720/893/720 770/896/770 771/897/771
f 771/897/771 721/894/721 720/893/720
f 721/894/721 771/897/771 772/898/772
f 772/898/772 705/872/705 721/894/721
f 705/872/705 772/898/772 757/876/757
f 773/899/773 770/896/770 769/895/769
f 770/896/770 773/899/773 774/900/774
f 774/900/774 771/897/771 770/896/770
f 771/897/771 774/900/774 775/901/775
f 775/901/775 772/898/772 771/897/771
f 772/898/772 775/901/775 776/902/776
f 776/902/776 757/876/757 772/898/772
f 757/876/757 776/902/776 761/880/761
f 777/903/777 774/900/774 773/899/773
f 774/900/774 777/903/777 778/904/778
f 778/904/778 775/901/775 774/900/774
f 775/901/775 778/904/778 779/905/779
f 779/905/779 776/902/776 775/901/775
f 776/902/776 779/905/779 780/906/780
f 780/906/780 761/880/761 776/902/776
f 761/880/761 780/906/780 765/884/765
f 781/907/781 778/904/778 777/903/777
f 778/904/778 781/907/781 782/908/782
f 782/908/782 779/905/779 778/904/778
f 779/905/779 782/908/782 783/909/783
f 783/909/783 780/906/780 779/905/779
f 780/906/780 783/909/783 784/910/784
f 784/910/784 666/911/666 668/912/668
f 780/906/780 784/910/784 668/912/668
f 641/890/641 765/884/765 668/912/668
f 765/884/765 780/906/780 668/912/668
f 734/917/734 731/914/731 685/913/685
f 731/914/731 734/917/734 785/918/785
f 785/918/785 732/915/732 731/914/731
f 732/915/732 785/918/785 786/919/786
f 786/919/786 733/916/733 732/915/732
f 733/916/733 786/919/786 787/920/787
f 787/920/787 718/891/718 733/916/733
f 718/891/718 787/920/787 769/895/769
f 739/921/739 785/918/785 734/917/734
f 785/918/785 739/921/739 788/922/788
f 788/922/788 786/919/786 785/918/785
f 786/919/786 788/922/788 789/923/789
f 789/923/789 787/920/787 786/919/786
f 787/920/787 789/923/789 790/924/790
f 790/924/790 769/895/769 787/920/787
f 769/895/769 790/924/790 773/899/773
f 744/925/744 788/922/788 739/921/739
f 788/922/788 744/925/744 791/926/791
f 791/926/791 789/923/789 788/922/788
f 789/923/789 791/926/791 792/927/792
f 792/927/792 790/924/790 789/923/789
f 790/924/790 792/927/792 793/928/793
f 793/928/793 773/899/773 790/924/790
f 773/899/773 793/928/793 777/903/777
f 749/929/749 791/926/791 744/925/744
f 791/926/791 749/929/749 794/930/794
f 794/930/794 792/927/792 791/926/791
f 792/927/792 794/930/794 795/931/795
f 795/931/795 793/928/793 792/927/792
f 793/928/793 795/931/795 796/932/796
f 796/932/796 777/903/777 793/928/793
f 777/903/777 796/932/796 781/907/781
f 750/865/750 797/933/797 749/864/749
f 797/933/797 750/865/750 798/934/798
f 751/866/751 798/934/798 750/865/750
f 798/934/798 751/866/751 799/935/799
f 752/867/752 799/935/799 751/866/751
f 799/935/799 752/867/752 800/936/800
f 753/868/753 800/936/800 752/867/752
f 800/936/800 753/868/753 801/937/801
f 798/934/798 802/938/802 797/933/797
f 802/938/802 798/934/798 803/939/803
f 799/935/799 803/939/803 798/934/798
f 803/939/803 799/935/799 804/940/804
f 800/936/800 804/940/804 799/935/799
f 804/940/804 800/936/800 805/941/805
f 801/937/801 805/941/805 800/936/800
f 805/941/805 801/937/801 806/942/806
f 803/939/803 807/943/807 802/938/802
f 807/943/807 803/939/803 808/944/808
f 804/940/804 808/944/808 803/939/803
f 808/944/808 804/940/804 809/945/809
f 805/941/805 809/945/809 804/940/804
f 809/945/809 805/941/805 810/946/810
f 806/942/806 810/946/810 805/941/805
f 810/946/810 806/942/806 811/947/811
f 808/944/808 812/948/812 807/943/807
f 812/948/812 808/944/808 813/949/813
f 809/945/809 813/949/813 808/944/808
f 813/949/813 809/945/809 814/950/814
f 810/946/810 814/950/814 809/945/809
f 814/950/814 810/946/810 815/951/815
f 811/947/811 815/951/815 810/946/810
f 815/951/815 811/947/811 816/952/816
f 766/885/766 801/937/801 753/868/753
f 801/937/801 766/885/766 817/953/817
f 767/886/767 817/953/817 766/885/766
f 817/953/817 767/886/767 818/954/818
f 768/887/768 818/954/818 767/886/767
f 818/954/818 768/887/768 819/955/819
f 817/953/817 806/942/806 801/937/801
f 806/942/806 817/953/817 820/956/820
f 818/954/818 820/956/820 817/953/817
f 820/956/820 818/954/818 821/957/821
f 819/955/819 821/957/821 818/954/818
f 821/957/821 819/955/819 822/958/822
f 820/956/820 811/947/811 806/942/806
f 811/947/811 820/956/820 824/960/824
f 821/957/821 824/960/824 820/956/820
f 824/960/824 821/957/821 825/961/825
f 822/958/822 825/961/825 821/957/821
f 825/961/825 822/958/822 826/962/826
f 823/959/823 826/962/826 822/958/822
f 826/962/826 823/959/823 827/963/827
f 824/960/824 816/952/816 811/947/811
f 816/952/816 824/960/824 828/964/828
f 825/961/825 828/964/828 824/960/824
f 828/964/828 825/961/825 829/965/829
f 826/962/826 829/965/829 825/961/825
f 829/965/829 826/962/826 830/966/830
f 827/963/827 830/966/830 826/962/826
f 830/966/830 827/963/827 831/967/831
f 631/969/631 629/968/629 823/959/823
f 631/969/631 823/959/823 822/958/822
f 631/969/631 822/958/822 819/955/819
f 633/970/633 631/969/631 819/955/819
f 635/971/635 633/970/633 819/955/819
f 635/971/635 819/955/819 768/887/768
f 635/971/635 768/887/768 637/888/637
f 832/972/832 782/908/782 781/907/781
f 782/908/782 832/972/832 833/973/833
f 833/973/833 783/909/783 782/908/782
f 783/909/783 833/973/833 834/974/834
f 834/974/834 784/910/784 783/909/783
f 784/910/784 834/974/834 835/975/835
f 836/976/836 833/973/833 832/972/832
f 833/973/833 836/976/836 837/977/837
f 837/977/837 834/974/834 833/973/833
f 834/974/834 837/977/837 838/978/838
f 838/978/838 835/975/835 834/974/834
f 835/975/835 838/978/838 839/979/839
f 840/980/840 837/977/837 836/976/836
f 837/977/837 840/980/840 841/981/841
f 841/981/841 838/978/838 837/977/837
f 838/978/838 841/981/841 842/982/842
f 842/982/842 839/979/839 838/978/838
f 839/979/839 842/982/842 843/983/843
f 843/983/843 823/959/823 839/979/839
f 823/959/823 843/983/843 827/963/827
f 844/984/844 841/981/841 840/980/840
f 841/981/841 844/984/844 845/985/845
f 845/985/845 842/982/842 841/981/841
f 842/982/842 845/985/845 846/986/846
f 846/986/846 843/983/843 842/982/842
f 843/983/843 846/986/846 847/987/847
f 847/987/847 827/963/827 843/983/843
f 827/963/827 847/987/847 831/967/831
f 823/959/823 629/968/629 660/988/660
f 839/979/839 823/959/823 660/988/660
f 835/975/835 839/979/839 660/988/660
f 835/975/835 660/988/660 662/989/662
f 835/975/835 662/989/662 664/990/664
f 784/910/784 835/975/835 664/990/664
f 666/911/666 784/910/784 664/990/664
f 797/991/797 794/930/794 749/929/749
f 794/930/794 797/991/797 848/992/848
f 848/992/848 795/931/795 794/930/794
f 795/931/795 848/992/848 849/993/849
f 849/993/849 796/932/796 795/931/795
f 796/932/796 849/993/849 850/994/850
f 850/994/850 781/907/781 796/932/796
f 781/907/781 850/994/850 832/972/832
f 802/995/802 848/992/848 797/991/797
f 848/992/848 802/995/802 851/996/851
f 851/996/851 849/993/849 848/992/848
f 849/993/849 851/996/851 852/997/852
f 852/997/852 850/994/850 849/993/849
f 850/994/850 852/997/852 853/998/853
f 853/998/853 832/972/832 850/994/850
f 832/972/832 853/998/853 836/976/836
f 807/999/807 851/996/851 802/995/802
f 851/996/851 807/999/807 854/1000/854
f 854/1000/854 852/997/852 851/996/851
f 852/997/852 854/1000/854 855/1001/855
f 855/1001/855 853/998/853 852/997/852
f 853/998/853 855/1001/855 856/1002/856
f 856/1002/856 836/976/836 853/998/853
f 836/976/836 856/1002/856 840/980/840
f 812/1003/812 854/1000/854 807/999/807
f 854/1000/854 812/1003/812 857/1004/857
f 857/1004/857 855/1001/855 854/1000/854
f 855/1001/855 857/1004/857 858/1005/858
f 858/1005/858 856/1002/856 855/1001/855
f 856/1002/856 858/1005/858 859/1006/859
f 859/1006/859 840/980/840 856/1002/856
f 840/980/840 859/1006/859 844/984/844
f 813/949/813 860/1007/860 812/948/812
f 860/1007/860 813/949/813 861/1008/861
f 814/950/814 861/1008/861 813/949/813
f 861/1008/861 814/950/814 862/1009/862
f 815/951/815 862/1009/862 814/950/814
f 862/1009/862 815/951/815 863/1010/863
f 816/952/816 863/1010/863 815/951/815
f 863/1010/863 816/952/816 864/1011/864
f 861/1008/861 865/1012/865 860/1007/860
f 865/1012/865 861/1008/861 866/1013/866
f 862/1009/862 866/1013/866 861/1008/861
f 866/1013/866 862/1009/862 867/1014/867
f 863/1010/863 867/1014/867 862/1009/862
f 867/1014/867 863/1010/863 868/1015/868
f 864/1011/864 868/1015/868 863/1010/863
f 868/1015/868 864/1011/864 869/1016/869
f 866/1013/866 870/1017/870 865/1012/865
f 870/1017/870 866/1013/866 871/1018/871
f 867/1014/867 871/1018/871 866/1013/866
f 871/1018/871 867/1014/867 872/1019/872
f 868/1015/868 872/1019/872 867/1014/867
f 872/1019/872 868/1015/868 873/1020/873
f 869/1016/869 873/1020/873 868/1015/868
f 873/1020/873 869/1016/869 874/1021/874
f 871/1018/871 875/1022/875 870/1017/870
f 875/1022/875 871/1018/871 876/1023/876
f 872/1019/872 876/1023/876 871/1018/871
f 876/1023/876 872/1019/872 877/1024/877
f 873/1020/873 877/1024/877 872/1019/872
f 877/1024/877 873/1020/873 878/1025/878
f 874/1021/874 878/1025/878 873/1020/873
f 878/1025/878 874/1021/874 879/1026/879
f 828/964/828 864/1011/864 816/952/816
f 864/1011/864 828/964/828 880/1027/880
f 829/965/829 880/1027/880 828/964/828
f 880/1027/880 829/965/829 881/1028/881
f 830/966/830 881/1028/881 829/965/829
f 881/1028/881 830/966/830 882/1029/882
f 831/967/831 882/1029/882 830/966/830
f 882/1029/882 831/967/831 883/1030/883
f 880/1027/880 869/1016/869 864/1011/864
f 869/1016/869 880/1027/880 884/1031/884
f 881/1028/881 884/1031/884 880/1027/880
f 884/1031/884 881/1028/881 885/1032/885
f 882/1029/882 885/1032/885 881/1028/881
f 885/1032/885 882/1029/882 886/1033/886
f 883/1030/883 886/1033/886 882/1029/882
f 886/1033/886 883/1030/883 887/1034/887
f 884/1031/884 874/1021/874 869/1016/869
f 874/1021/874 884/1031/884 888/1035/888
f 885/1032/885 888/1035/888 884/1031/884
f 888/1035/888 885/1032/885 889/1036/889
f 886/1033/886 889/1036/889 885/1032/885
f 889/1036/889 886/1033/886 890/1037/890
f 887/1034/887 890/1037/890 886/1033/886
f 890/1037/890 887/1034/887 891/1038/891
f 888/1035/888 879/1026/879 874/1021/874
f 879/1026/879 888/1035/888 892/1039/892
f 889/1036/889 892/1039/892 888/1035/888
f 892/1039/892 889/1036/889 893/1040/893
f 890/1037/890 893/1040/893 889/1036/889
f 893/1040/893 890/1037/890 894/1041/894
f 891/1038/891 894/1041/894 890/1037/890
f 894/1041/894 891/1038/891 895/1042/895
f 896/1043/896 845/985/845 844/984/844
f 845/985/845 896/1043/896 897/1044/897
f 897/1044/897 846/986/846 845/985/845
f 846/986/846 897/1044/897 898/1045/898
f 898/1045/898 847/987/847 846/986/846
f 847/987/847 898/1045/898 899/1046/899
f 899/1046/899 831/967/831 847/987/847
f 831/967/831 899/1046/899 883/1030/883
f 900/1047/900 897/1044/897 896/1043/896
f 897/1044/897 900/1047/900 901/1048/901
f 901/1048/901 898/1045/898 897/1044/897
f 898/1045/898 901/1048/901 902/1049/902
f 902/1049/902 899/1046/899 898/1045/898
f 899/1046/899 902/1049/902 903/1050/903
f 903/1050/903 883/1030/883 899/1046/899
f 883/1030/883 903/1050/903 887/1034/887
f 904/1051/904 901/1048/901 900/1047/900
f 901/1048/901 904/1051/904 905/1052/905
f 905/1052/905 902/1049/902 901/1048/901
f 902/1049/902 905/1052/905 906/1053/906
f 906/1053/906 903/1050/903 902/1049/902
f 903/1050/903 906/1053/906 907/1054/907
f 907/1054/907 887/1034/887 903/1050/903
f 887/1034/887 907/1054/907 891/1038/891
f 908/1055/908 905/1052/905 904/1051/904
f 905/1052/905 908/1055/908 909/1056/909
f 909/1056/909 906/1053/906 905/1052/905
f 906/1053/906 909/1056/909 910/1057/910
f 910/1057/910 907/1054/907 906/1053/906
f 907/1054/907 910/1057/910 911/1058/911
f 911/1058/911 891/1038/891 907/1054/907
f 891/1038/891 911/1058/911 895/1042/895
f 860/1059/860 857/1004/857 812/1003/812
f 857/1004/857 860/1059/860 912/1060/912
f 912/1060/912 858/1005/858 857/1004/857
f 858/1005/858 912/1060/912 913/1061/913
f 913/1061/913 859/1006/859 858/1005/858
f 859/1006/859 913/1061/913 914/1062/914
f 914/1062/914 844/984/844 859/1006/859
f 844/984/844 914/1062/914 896/1043/896
f 865/1063/865 912/1060/912 860/1059/860
f 912/1060/912 865/1063/865 915/1064/915
f 915/1064/915 913/1061/913 912/1060/912
f 913/1061/913 915/1064/915 916/1065/916
f 916/1065/916 914/1062/914 913/1061/913
f 914/1062/914 916/1065/916 917/1066/917
f 917/1066/917 896/1043/896 914/1062/914
f 896/1043/896 917/1066/917 900/1047/900
f 870/1067/870 915/1064/915 865/1063/865
f 915/1064/915 870/1067/870 918/1068/918
f 918/1068/918 916/1065/916 915/1064/915
f 916/1065/916 918/1068/918 919/1069/919
f 919/1069/919 917/1066/917 916/1065/916
f 917/1066/917 919/1069/919 920/1070/920
f 920/1070/920 900/1047/900 917/1066/917
f 900/1047/900 920/1070/920 904/1051/904
f 875/1071/875 918/1068/918 870/1067/870
f 918/1068/918 875/1071/875 921/1072/921
f 921/1072/921 919/1069/919 918/1068/918
f 919/1069/919 921/1072/921 922/1073/922
f 922/1073/922 920/1070/920 919/1069/919
f 920/1070/920 922/1073/922 923/1074/923
f 923/1074/923 904/1051/904 920/1070/920
f 904/1051/904 923/1074/923 908/1055/908
f 876/1023/876 924/1075/924 875/1022/875
f 924/1075/924 876/1023/876 925/1076/925
f 877/1024/877 925/1076/925 876/1023/876
f 925/1076/925 877/1024/877 926/1077/926
f 878/1025/878 926/1077/926 877/1024/877
f 926/1077/926 878/1025/878 927/1078/927
f 879/1026/879 927/1078/927 878/1025/878
f 927/1078/927 879/1026/879 928/1079/928
f 925/1076/925 929/1080/929 924/1075/924
f 929/1080/929 925/1076/925 930/1081/930
f 926/1077/926 930/1081/930 925/1076/925
f 930/1081/930 926/1077/926 931/1082/931
f 927/1078/927 931/1082/931 926/1077/926
f 931/1082/931 927/1078/927 932/1083/932
f 928/1079/928 932/1083/932 927/1078/927
f 932/1083/932 928/1079/928 933/1084/933
f 930/1081/930 934/1085/934 929/1080/929
f 934/1085/934 930/1081/930 935/1086/935
f 931/1082/931 935/1086/935 930/1081/930
f 935/1086/935 931/1082/931 936/1087/936
f 932/1083/932 936/1087/936 931/1082/931
f 936/1087/936 932/1083/932 937/1088/937
f 933/1084/933 937/1088/937 932/1083/932
f 937/1088/937 933/1084/933 938/1089/938
f 935/1086/935 352/392/939 934/1085/934
f 352/392/939 935/1086/935 353/393/940
f 936/1087/936 353/393/940 935/1086/935
f 353/393/940 936/1087/936 354/394/941
f 937/1088/937 354/394/941 936/1087/936
f 354/394/941 937/1088/937 355/395/942
f 938/1089/938 355/395/942 937/1088/937
f 355/395/942 938/1089/938 356/396/943
f 892/1039/892 928/1079/928 879/1026/879
f 928/1079/928 892/1039/892 939/1090/944
f 893/1040/893 939/1090/944 892/1039/892
f 939/1090/944 893/1040/893 940/1091/945
f 894/1041/894 940/1091/945 893/1040/893
f 940/1091/945 894/1041/894 941/1092/946
f 895/1042/895 941/1092/946 894/1041/894
f 941/1092/946 895/1042/895 942/1093/947
f 939/1090/944 933/1084/933 928/1079/928
f 933/1084/933 939/1090/944 943/1094/948
f 940/1091/945 943/1094/948 939/1090/944
f 943/1094/948 940/1091/945 944/1095/949
f 941/1092/946 944/1095/949 940/1091/945
f 944/1095/949 941/1092/946 945/1096/950
f 942/1093/947 945/1096/950 941/1092/946
f 945/1096/950 942/1093/947 946/1097/951
f 943/1094/948 938/1089/938 933/1084/933
f 938/1089/938 943/1094/948 947/1098/952
f 944/1095/949 947/1098/952 943/1094/948
f 947/1098/952 944/1095/949 948/1099/953
f 945/1096/950 948/1099/953 944/1095/949
f 948/1099/953 945/1096/950 949/1100/954
f 946/1097/951 949/1100/954 945/1096/950
f 949/1100/954 946/1097/951 950/1101/955
f 947/1098/952 356/396/943 938/1089/938
f 356/396/943 947/1098/952 377/417/956
f 948/1099/953 377/417/956 947/1098/952
f 377/417/956 948/1099/953 378/418/957
f 949/1100/954 378/418/957 948/1099/953
f 378/418/957 949/1100/954 379/419/958
f 950/1101/955 379/419/958 949/1100/954
f 379/419/958 950/1101/955 380/420/959
f 951/1102/960 909/1056/909 908/1055/908
f 909/1056/909 951/1102/960 952/1103/961
f 952/1103/961 910/1057/910 909/1056/909
f 910/1057/910 952/1103/961 953/1104/962
f 953/1104/962 911/1058/911 910/1057/910
f 911/1058/911 953/1104/962 954/1105/963
f 954/1105/963 895/1042/895 911/1058/911
f 895/1042/895 954/1105/963 942/1093/947
f 955/1106/964 952/1103/961 951/1102/960
f 952/1103/961 955/1106/964 956/1107/965
f 956/1107/965 953/1104/962 952/1103/961
f 953/1104/962 956/1107/965 957/1108/966
f 957/1108/966 954/1105/963 953/1104/962
f 954/1105/963 957/1108/966 958/1109/967
f 958/1109/967 942/1093/947 954/1105/963
f 942/1093/947 958/1109/967 946/1097/951
f 959/1110/968 956/1107/965 955/1106/964
f 956/1107/965 959/1110/968 960/1111/969
f 960/1111/969 957/1108/966 956/1107/965
f 957/1108/966 960/1111/969 961/1112/970
f 961/1112/970 958/1109/967 957/1108/966
f 958/1109/967 961/1112/970 962/1113/971
f 962/1113/971 946/1097/951 958/1109/967
f 946/1097/951 962/1113/971 950/1101/955
f 397/437/972 960/1111/969 959/1110/968
f 960/1111/969 397/437/972 398/438/973
f 398/438/973 961/1112/970 960/1111/969
f 961/1112/970 398/438/973 399/439/974
f 399/439/974 962/1113/971 961/1112/970
f 962/1113/971 399/439/974 400/440/975
f 400/440/975 950/1101/955 962/1113/971
f 950/1101/955 400/440/975 380/420/959
f 924/1114/924 921/1072/921 875/1071/875
f 921/1072/921 924/1114/924 963/1115/976
f 963/1115/976 922/1073/922 921/1072/921
f 922/1073/922 963/1115/976 964/1116/977
f 964/1116/977 923/1074/923 922/1073/922
f 923/1074/923 964/1116/977 965/1117/978
f 965/1117/978 908/1055/908 923/1074/923
f 908/1055/908 965/1117/978 951/1102/960
f 929/1118/929 963/1115/976 924/1114/924
f 963/1115/976 929/1118/929 966/1119/979
f 966/1119/979 964/1116/977 963/1115/976
f 964/1116/977 966/1119/979 967/1120/980
f 967/1120/980 965/1117/978 964/1116/977
f 965/1117/978 967/1120/980 968/1121/981
f 968/1121/981 951/1102/960 965/1117/978
f 951/1102/960 968/1121/981 955/1106/964
f 934/1122/934 966/1119/979 929/1118/929
f 966/1119/979 934/1122/934 969/1123/982
f 969/1123/982 967/1120/980 966/1119/979
f 967/1120/980 969/1123/982 970/1124/983
f 970/1124/983 968/1121/981 967/1120/980
f 968/1121/981 970/1124/983 971/1125/984
f 971/1125/984 955/1106/964 968/1121/981
f 955/1106/964 971/1125/984 959/1110/968
f 352/457/939 969/1123/982 934/1122/934
f 969/1123/982 352/457/939 417/458/985
f 417/458/985 970/1124/983 969/1123/982
f 970/1124/983 417/458/985 418/459/986
f 418/459/986 971/1125/984 970/1124/983
f 971/1125/984 418/459/986 419/460/987
f 419/460/987 959/1110/968 971/1125/984
f 959/1110/968 419/460/987 397/437/972
f 304/1127/989 972/1131/993 303/1126/988
f 972/1131/993 304/1127/989 973/1132/994
f 305/1128/990 973/1132/994 304/1127/989
f 973/1132/994 305/1128/990 974/1133/995
f 306/1129/991 974/1133/995 305/1128/990
f 974/1133/995 306/1129/991 975/1134/996
f 307/1130/992 975/1134/996 306/1129/991
f 975/1134/996 307/1130/992 976/1135/997
f 973/1132/994 977/1136/998 972/1131/993
f 977/1136/998 973/1132/994 978/1137/999
f 974/1133/995 978/1137/999 973/1132/994
f 978/1137/999 974/1133/995 979/1138/1000
f 975/1134/996 979/1138/1000 974/1133/995
f 979/1138/1000 975/1134/996 980/1139/1001
f 976/1135/997 980/1139/1001 975/1134/996
f 980/1139/1001 976/1135/997 981/1140/1002
f 978/1137/999 982/1141/1003 977/1136/998
f 982/1141/1003 978/1137/999 983/1142/1004
f 979/1138/1000 983/1142/1004 978/1137/999
f 983/1142/1004 979/1138/1000 984/1143/1005
f 980/1139/1001 984/1143/1005 979/1138/1000
f 984/1143/1005 980/1139/1001 985/1144/1006
f 981/1140/1002 985/1144/1006 980/1139/1001
f 985/1144/1006 981/1140/1002 986/1145/1007
f 983/1142/1004 987/1146/1008 982/1141/1003
f 987/1146/1008 983/1142/1004 988/1147/1009
f 984/1143/1005 988/1147/1009 983/1142/1004
f 988/1147/1009 984/1143/1005 989/1148/1010
f 985/1144/1006 989/1148/1010 984/1143/1005
f 989/1148/1010 985/1144/1006 990/1149/1011
f 986/1145/1007 990/1149/1011 985/1144/1006
f 990/1149/1011 986/1145/1007 991/1150/1012
f 320/1151/1013 976/1135/997 307/1130/992
f 976/1135/997 320/1151/1013 992/1155/1017
f 321/1152/1014 992/1155/1017 320/1151/1013
f 992/1155/1017 321/1152/1014 993/1156/1018
f 322/1153/1015 993/1156/1018 321/1152/1014
f 993/1156/1018 322/1153/1015 994/1157/1019
f 323/1154/1016 994/1157/1019 322/1153/1015
f 994/1157/1019 323/1154/1016 995/1158/1020
f 992/1155/1017 981/1140/1002 976/1135/997
f 981/1140/1002 992/1155/1017 996/1159/1021
f 993/1156/1018 996/1159/1021 992/1155/1017
f 996/1159/1021 993/1156/1018 997/1160/1022
f 994/1157/1019 997/1160/1022 993/1156/1018
f 997/1160/1022 994/1157/1019 998/1161/1023
f 995/1158/1020 998/1161/1023 994/1157/1019
f 998/1161/1023 995/1158/1020 999/1162/1024
f 996/1159/1021 986/1145/1007 981/1140/1002
f 986/1145/1007 996/1159/1021 1000/1163/1025
f 997/1160/1022 1000/1163/1025 996/1159/1021
f 1000/1163/1025 997/1160/1022 1001/1164/1026
f 998/1161/1023 1001/1164/1026 997/1160/1022
f 1001/1164/1026 998/1161/1023 1002/1165/1027
f 999/1162/1024 1002/1165/1027 998/1161/1023
f 1002/1165/1027 999/1162/1024 1003/1166/1028
f 1000/1163/1025 991/1150/1012 986/1145/1007
f 991/1150/1012 1000/1163/1025 1004/1167/1029
f 1001/1164/1026 1004/1167/1029 1000/1163/1025
f 1004/1167/1029 1001/1164/1026 1005/1168/1030
f 1002/1165/1027 1005/1168/1030 1001/1164/1026
f 1005/1168/1030 1002/1165/1027 1006/1169/1031
f 1003/1166/1028 1006/1169/1031 1002/1165/1027
f 1006/1169/1031 1003/1166/1028 1007/1170/1032
f 1008/1175/1037 337/1172/1034 336/1171/1033
f 337/1172/1034 1008/1175/1037 1009/1176/1038
f 1009/1176/1038 338/1173/1035 337/1172/1034
f 338/1173/1035 1009/1176/1038 1010/1177/1039
f 1010/1177/1039 339/1174/1036 338/1173/1035
f 339/1174/1036 1010/1177/1039 1011/1178/1040
f 1011/1178/1040 323/1154/1016 339/1174/1036
f 323/1154/1016 1011/1178/1040 995/1158/1020
f 1012/1179/1041 1009/1176/1038 1008/1175/1037
f 1009/1176/1038 1012/1179/1041 1013/1180/1042
f 1013/1180/1042 1010/1177/1039 1009/1176/1038
f 1010/1177/1039 1013/1180/1042 1014/1181/1043
f 1014/1181/1043 1011/1178/1040 1010/1177/1039
f 1011/1178/1040 1014/1181/1043 1015/1182/1044
f 1015/1182/1044 995/1158/1020 1011/1178/1040
f 995/1158/1020 1015/1182/1044 999/1162/1024
f 1016/1183/1045 1013/1180/1042 1012/1179/1041
f 1013/1180/1042 1016/1183/1045 1017/1184/1046
f 1017/1184/1046 1014/1181/1043 1013/1180/1042
f 1014/1181/1043 1017/1184/1046 1018/1185/1047
f 1018/1185/1047 1015/1182/1044 1014/1181/1043
f 1015/1182/1044 1018/1185/1047 1019/1186/1048
f 1019/1186/1048 999/1162/1024 1015/1182/1044
f 999/1162/1024 1019/1186/1048 1003/1166/1028
f 1020/1187/1049 1017/1184/1046 1016/1183/1045
f 1017/1184/1046 1020/1187/1049 1021/1188/1050
f 1021/1188/1050 1018/1185/1047 1017/1184/1046
f 1018/1185/1047 1021/1188/1050 1022/1189/1051
f 1022/1189/1051 1019/1186/1048 1018/1185/1047
f 1019/1186/1048 1022/1189/1051 1023/1190/1052
f 1023/1190/1052 1003/1166/1028 1019/1186/1048
f 1003/1166/1028 1023/1190/1052 1007/1170/1032
f 972/1131/993 349/1191/1053 303/1126/988
f 349/1191/1053 972/1131/993 1024/1194/1056
f 1024/1194/1056 350/1192/1054 349/1191/1053
f 350/1192/1054 1024/1194/1056 1025/1195/1057
f 1025/1195/1057 351/1193/1055 350/1192/1054
f 351/1193/1055 1025/1195/1057 1026/1196/1058
f 1026/1196/1058 336/1171/1033 351/1193/1055
f 336/1171/1033 1026/1196/1058 1008/1175/1037
f 977/1136/998 1024/1194/1056 972/1131/993
f 1024/1194/1056 977/1136/998 1027/1197/1059
f 1027/1197/1059 1025/1195/1057 1024/1194/1056
f 1025/1195/1057 1027/1197/1059 1028/1198/1060
f 1028/1198/1060 1026/1196/1058 1025/1195/1057
f 1026/1196/1058 1028/1198/1060 1029/1199/1061
f 1029/1199/1061 1008/1175/1037 1026/1196/1058
f 1008/1175/1037 1029/1199/1061 1012/1179/1041
f 982/1141/1003 1027/1197/1059 977/1136/998
f 1027/1197/1059 982/1141/1003 1030/1200/1062
f 1030/1200/1062 1028/1198/1060 1027/1197/1059
f 1028/1198/1060 1030/1200/1062 1031/1201/1063
f 1031/1201/1063 1029/1199/1061 1028/1198/1060
f 1029/1199/1061 1031/1201/1063 1032/1202/1064
f 1032/1202/1064 1012/1179/1041 1029/1199/1061
f 1012/1179/1041 1032/1202/1064 1016/1183/1045
f 987/1146/1008 1030/1200/1062 982/1141/1003
f 1030/1200/1062 987/1146/1008 1033/1203/1065
f 1033/1203/1065 1031/1201/1063 1030/1200/1062
f 1031/1201/1063 1033/1203/1065 1034/1204/1066
f 1034/1204/1066 1032/1202/1064 1031/1201/1063
f 1032/1202/1064 1034/1204/1066 1035/1205/1067
f 1035/1205/1067 1016/1183/1045 1032/1202/1064
f 1016/1183/1045 1035/1205/1067 1020/1187/1049
f 988/1147/1009 1036/1206/1068 987/1146/1008
f 1036/1206/1068 988/1147/1009 1037/1207/1069
f 989/1148/1010 1037/1207/1069 988/1147/1009
f 1037/1207/1069 989/1148/1010 1038/1208/1070
f 990/1149/1011 1038/1208/1070 989/1148/1010
f 1038/1208/1070 990/1149/1011 1039/1209/1071
f 991/1150/1012 1039/1209/1071 990/1149/1011
f 1039/1209/1071 991/1150/1012 1040/1210/1072
f 1037/1207/1069 1041/1211/1073 1036/1206/1068
f 1041/1211/1073 1037/1207/1069 1042/1212/1074
f 1038/1208/1070 1042/1212/1074 1037/1207/1069
f 1042/1212/1074 1038/1208/1070 1043/1213/1075
f 1039/1209/1071 1043/1213/1075 1038/1208/1070
f 1043/1213/1075 1039/1209/1071 1044/1214/1076
f 1040/1210/1072 1044/1214/1076 1039/1209/1071
f 1044/1214/1076 1040/1210/1072 1045/1215/1077
f 1042/1212/1074 1046/1216/1078 1041/1211/1073
f 1046/1216/1078 1042/1212/1074 1047/1217/1079
f 1043/1213/1075 1047/1217/1079 1042/1212/1074
f 1047/1217/1079 1043/1213/1075 1048/1218/1080
f 1044/1214/1076 1048/1218/1080 1043/1213/1075
f 1048/1218/1080 1044/1214/1076 1049/1219/1081
f 1045/1215/1077 1049/1219/1081 1044/1214/1076
f 1049/1219/1081 1045/1215/1077 1050/1220/1082
f 1047/1217/1079 1051/1221/1083 1046/1216/1078
f 1051/1221/1083 1047/1217/1079 1052/1222/1084
f 1048/1218/1080 1052/1222/1084 1047/1217/1079
f 1052/1222/1084 1048/1218/1080 1053/1223/1085
f 1049/1219/1081 1053/1223/1085 1048/1218/1080
f 1053/1223/1085 1049/1219/1081 1054/1224/1086
f 1050/1220/1082 1054/1224/1086 1049/1219/1081
f 1054/1224/1086 1050/1220/1082 1055/1225/1087
f 1004/1167/1029 1040/1210/1072 991/1150/1012
f 1040/1210/1072 1004/1167/1029 1056/1226/1088
f 1005/1168/1030 1056/1226/1088 1004/1167/1029
f 1056/1226/1088 1005/1168/1030 1057/1227/1089
f 1006/1169/1031 1057/1227/1089 1005/1168/1030
f 1057/1227/1089 1006/1169/1031 1058/1228/1090
f 1007/1170/1032 1058/1228/1090 1006/1169/1031
f 1058/1228/1090 1007/1170/1032 1059/1229/1091
f 1056/1226/1088 1045/1215/1077 1040/1210/1072
f 1045/1215/1077 1056/1226/1088 1060/1230/1092
f 1057/1227/1089 1060/1230/1092 1056/1226/1088
f 1060/1230/1092 1057/1227/1089 1061/1231/1093
f 1058/1228/1090 1061/1231/1093 1057/1227/1089
f 1061/1231/1093 1058/1228/1090 1062/1232/1094
f 1059/1229/1091 1062/1232/1094 1058/1228/1090
f 1062/1232/1094 1059/1229/1091 1063/1233/1095
f 1060/1230/1092 1050/1220/1082 1045/1215/1077
f 1050/1220/1082 1060/1230/1092 1064/1234/1096
f 1061/1231/1093 1064/1234/1096 1060/1230/1092
f 1064/1234/1096 1061/1231/1093 1065/1235/1097
f 1062/1232/1094 1065/1235/1097 1061/1231/1093
f 1065/1235/1097 1062/1232/1094 1066/1236/1098
f 1063/1233/1095 1066/1236/1098 1062/1232/1094
f 1066/1236/1098 1063/1233/1095 1067/1237/1099
f 1064/1234/1096 1055/1225/1087 1050/1220/1082
f 1055/1225/1087 1064/1234/1096 1068/1238/1100
f 1065/1235/1097 1068/1238/1100 1064/1234/1096
f 1068/1238/1100 1065/1235/1097 1069/1239/1101
f 1066/1236/1098 1069/1239/1101 1065/1235/1097
f 1069/1239/1101 1066/1236/1098 1070/1240/1102
f 1067/1237/1099 1070/1240/1102 1066/1236/1098
f 1070/1240/1102 1067/1237/1099 1071/1241/1103
f 1072/1242/1104 1021/1188/1050 1020/1187/1049
f 1021/1188/1050 1072/1242/1104 1073/1243/1105
f 1073/1243/1105 1022/1189/1051 1021/1188/1050
f 1022/1189/1051 1073/1243/1105 1074/1244/1106
f 1074/1244/1106 1023/1190/1052 1022/1189/1051
f 1023/1190/1052 1074/1244/1106 1075/1245/1107
f 1075/1245/1107 1007/1170/1032 1023/1190/1052
f 1007/1170/1032 1075/1245/1107 1059/1229/1091
f 1076/1246/1108 1073/1243/1105 1072/1242/1104
f 1073/1243/1105 1076/1246/1108 1077/1247/1109
f 1077/1247/1109 1074/1244/1106 1073/1243/1105
f 1074/1244/1106 1077/1247/1109 1078/1248/1110
f 1078/1248/1110 1075/1245/1107 1074/1244/1106
f 1075/1245/1107 1078/1248/1110 1079/1249/1111
f 1079/1249/1111 1059/1229/1091 1075/1245/1107
f 1059/1229/1091 1079/1249/1111 1063/1233/1095
f 1080/1250/1112 1077/1247/1109 1076/1246/1108
f 1077/1247/1109 1080/1250/1112 1081/1251/1113
f 1081/1251/1113 1078/1248/1110 1077/1247/1109
f 1078/1248/1110 1081/1251/1113 1082/1252/1114
f 1082/1252/1114 1079/1249/1111 1078/1248/1110
f 1079/1249/1111 1082/1252/1114 1083/1253/1115
f 1083/1253/1115 1063/1233/1095 1079/1249/1111
f 1063/1233/1095 1083/1253/1115 1067/1237/1099
f 1084/1254/1116 1081/1251/1113 1080/1250/1112
f 1081/1251/1113 1084/1254/1116 1085/1255/1117
f 1085/1255/1117 1082/1252/1114 1081/1251/1113
f 1082/1252/1114 1085/1255/1117 1086/1256/1118
f 1086/1256/1118 1083/1253/1115 1082/1252/1114
f 1083/1253/1115 1086/1256/1118 1087/1257/1119
f 1087/1257/1119 1067/1237/1099 1083/1253/1115
f 1067/1237/1099 1087/1257/1119 1071/1241/1103
f 1036/1206/1068 1033/1203/1065 987/1146/1008
f 1033/1203/1065 1036/1206/1068 1088/1258/1120
f 1088/1258/1120 1034/1204/1066 1033/1203/1065
f 1034/1204/1066 1088/1258/1120 1089/1259/1121
f 1089/1259/1121 1035/1205/1067 1034/1204/1066
f 1035/1205/1067 1089/1259/1121 1090/1260/1122
f 1090/1260/1122 1020/1187/1049 1035/1205/1067
f 1020/1187/1049 1090/1260/1122 1072/1242/1104
f 1041/1211/1073 1088/1258/1120 1036/1206/1068
f 1088/1258/1120 1041/1211/1073 1091/1261/1123
f 1091/1261/1123 1089/1259/1121 1088/1258/1120
f 1089/1259/1121 1091/1261/1123 1092/1262/1124
f 1092/1262/1124 1090/1260/1122 1089/1259/1121
f 1090/1260/1122 1092/1262/1124 1093/1263/1125
f 1093/1263/1125 1072/1242/1104 1090/1260/1122
f 1072/1242/1104 1093/1263/1125 1076/1246/1108
f 1046/1216/1078 1091/1261/1123 1041/1211/1073
f 1091/1261/1123 1046/1216/1078 1094/1264/1126
f 1094/1264/1126 1092/1262/1124 1091/1261/1123
f 1092/1262/1124 1094/1264/1126 1095/1265/1127
f 1095/1265/1127 1093/1263/1125 1092/1262/1124
f 1093/1263/1125 1095/1265/1127 1096/1266/1128
f 1096/1266/1128 1076/1246/1108 1093/1263/1125
f 1076/1246/1108 1096/1266/1128 1080/1250/1112
f 1051/1221/1083 1094/1264/1126 1046/1216/1078
f 1094/1264/1126 1051/1221/1083 1097/1267/1129
f 1097/1267/1129 1095/1265/1127 1094/1264/1126
f 1095/1265/1127 1097/1267/1129 1098/1268/1130
f 1098/1268/1130 1096/1266/1128 1095/1265/1127
f 1096/1266/1128 1098/1268/1130 1099/1269/1131
f 1099/1269/1131 1080/1250/1112 1096/1266/1128
f 1080/1250/1112 1099/1269/1131 1084/1254/1116
f 1052/1222/1084 1100/1270/1132 1051/1221/1083
f 1100/1270/1132 1052/1222/1084 1101/1271/1133
f 1053/1223/1085 1101/1271/1133 1052/1222/1084
f 1101/1271/1133 1053/1223/1085 1102/1272/1134
f 1054/1224/1086 1102/1272/1134 1053/1223/1085
f 1102/1272/1134 1054/1224/1086 1103/1273/1135
f 1055/1225/1087 1103/1273/1135 1054/1224/1086
f 1103/1273/1135 1055/1225/1087 1104/1274/1136
f 1101/1271/1133 1105/1275/1137 1100/1270/1132
f 1105/1275/1137 1101/1271/1133 1106/1276/1138
f 1102/1272/1134 1106/1276/1138 1101/1271/1133
f 1106/1276/1138 1102/1272/1134 1107/1277/1139
f 1103/1273/1135 1107/1277/1139 1102/1272/1134
f 1107/1277/1139 1103/1273/1135 1108/1278/1140
f 1104/1274/1136 1108/1278/1140 1103/1273/1135
f 1108/1278/1140 1104/1274/1136 1109/1279/1141
f 1106/1276/1138 1110/1280/1142 1105/1275/1137
f 1110/1280/1142 1106/1276/1138 1111/1281/1143
f 1107/1277/1139 1111/1281/1143 1106/1276/1138
f 1111/1281/1143 1107/1277/1139 1112/1282/1144
f 1108/1278/1140 1112/1282/1144 1107/1277/1139
f 1112/1282/1144 1108/1278/1140 1113/1283/1145
f 1109/1279/1141 1113/1283/1145 1108/1278/1140
f 1113/1283/1145 1109/1279/1141 1114/1284/1146
f 1111/1281/1143 1115/1285/1147 1110/1280/1142
f 1112/1282/1144 1115/1285/1147 1111/1281/1143
f 1113/1283/1145 1115/1285/1147 1112/1282/1144
f 1114/1284/1146 1115/1285/1147 1113/1283/1145
f 1068/1238/1100 1104/1274/1136 1055/1225/1087
f 1104/1274/1136 1068/1238/1100 1116/1286/1148
f 1069/1239/1101 1116/1286/1148 1068/1238/1100
f 1116/1286/1148 1069/1239/1101 1117/1287/1149
f 1070/1240/1102 1117/1287/1149 1069/1239/1101
f 1117/1287/1149 1070/1240/1102 1118/1288/1150
f 1071/1241/1103 1118/1288/1150 1070/1240/1102
f 1118/1288/1150 1071/1241/1103 1119/1289/1151
f 1116/1286/1148 1109/1279/1141 1104/1274/1136
f 1109/1279/1141 1116/1286/1148 1120/1290/1152
f 1117/1287/1149 1120/1290/1152 1116/1286/1148
f 1120/1290/1152 1117/1287/1149 1121/1291/1153
f 1118/1288/1150 1121/1291/1153 1117/1287/1149
f 1121/1291/1153 1118/1288/1150 1122/1292/1154
f 1119/1289/1151 1122/1292/1154 1118/1288/1150
f 1122/1292/1154 1119/1289/1151 1123/1293/1155
f 1120/1290/1152 1114/1284/1146 1109/1279/1141
f 1114/1284/1146 1120/1290/1152 1124/1294/1156
f 1121/1291/1153 1124/1294/1156 1120/1290/1152
f 1124/1294/1156 1121/1291/1153 1125/1295/1157
f 1122/1292/1154 1125/1295/1157 1121/1291/1153
f 1125/1295/1157 1122/1292/1154 1126/1296/1158
f 1123/1293/1155 1126/1296/1158 1122/1292/1154
f 1126/1296/1158 1123/1293/1155 1127/1297/1159
f 1124/1294/1156 1115/1285/1147 1114/1284/1146
f 1125/1295/1157 1115/1285/1147 1124/1294/1156
f 1126/1296/1158 1115/1285/1147 1125/1295/1157
f 1127/1297/1159 1115/1285/1147 1126/1296/1158
f 1128/1298/1160 1085/1255/1117 1084/1254/1116
f 1085/1255/1117 1128/1298/1160 1129/1299/1161
f 1129/1299/1161 1086/1256/1118 1085/1255/1117
f 1086/1256/1118 1129/1299/1161 1130/1300/1162
f 1130/1300/1162 1087/1257/1119 1086/1256/1118
f 1087/1257/1119 1130/1300/1162 1131/1301/1163
f 1131/1301/1163 1071/1241/1103 1087/1257/1119
f 1071/1241/1103 1131/1301/1163 1119/1289/1151
f 1132/1302/1164 1129/1299/1161 1128/1298/1160
f 1129/1299/1161 1132/1302/1164 1133/1303/1165
f 1133/1303/1165 1130/1300/1162 1129/1299/1161
f 1130/1300/1162 1133/1303/1165 1134/1304/1166
f 1134/1304/1166 1131/1301/1163 1130/1300/1162
f 1131/1301/1163 1134/1304/1166 1135/1305/1167
f 1135/1305/1167 1119/1289/1151 1131/1301/1163
f 1119/1289/1151 1135/1305/1167 1123/1293/1155
f 1136/1306/1168 1133/1303/1165 1132/1302/1164
f 1133/1303/1165 1136/1306/1168 1137/1307/1169
f 1137/1307/1169 1134/1304/1166 1133/1303/1165
f 1134/1304/1166 1137/1307/1169 1138/1308/1170
f 1138/1308/1170 1135/1305/1167 1134/1304/1166
f 1135/1305/1167 1138/1308/1170 1139/1309/1171
f 1139/1309/1171 1123/1293/1155 1135/1305/1167
f 1123/1293/1155 1139/1309/1171 1127/1297/1159
f 1136/1306/1168 1115/1285/1147 1137/1307/1169
f 1137/1307/1169 1115/1285/1147 1138/1308/1170
f 1138/1308/1170 1115/1285/1147 1139/1309/1171
f 1139/1309/1171 1115/1285/1147 1127/1297/1159
f 1100/1270/1132 1097/1267/1129 1051/1221/1083
f 1097/1267/1129 1100/1270/1132 1140/1310/1172
f 1140/1310/1172 1098/1268/1130 1097/1267/1129
f 1098/1268/1130 1140/1310/1172 1141/1311/1173
f 1141/1311/1173 1099/1269/1131 1098/1268/1130
f 1099/1269/1131 1141/1311/1173 1142/1312/1174
f 1142/1312/1174 1084/1254/1116 1099/1269/1131
f 1084/1254/1116 1142/1312/1174 1128/1298/1160
f 1105/1275/1137 1140/1310/1172 1100/1270/1132
f 1140/1310/1172 1105/1275/1137 1143/1313/1175
f 1143/1313/1175 1141/1311/1173 1140/1310/1172
f 1141/1311/1173 1143/1313/1175 1144/1314/1176
f 1144/1314/1176 1142/1312/1174 1141/1311/1173
f 1142/1312/1174 1144/1314/1176 1145/1315/1177
f 1145/1315/1177 1128/1298/1160 1142/1312/1174
f 1128/1298/1160 1145/1315/1177 1132/1302/1164
f 1110/1280/1142 1143/1313/1175 1105/1275/1137
f 1143/1313/1175 1110/1280/1142 1146/1316/1178
f 1146/1316/1178 1144/1314/1176 1143/1313/1175
f 1144/1314/1176 1146/1316/1178 1147/1317/1179
f 1147/1317/1179 1145/1315/1177 1144/1314/1176
f 1145/1315/1177 1147/1317/1179 1148/1318/1180
f 1148/1318/1180 1132/1302/1164 1145/1315/1177
f 1132/1302/1164 1148/1318/1180 1136/1306/1168
f 1110/1280/1142 1115/1285/1147 1146/1316/1178
f 1146/1316/1178 1115/1285/1147 1147/1317/1179
f 1147/1317/1179 1115/1285/1147 1148/1318/1180
f 1148/1318/1180 1115/1285/1147 1136/1306/1168
